"PuntID","PlayerIDP","PLocID","PlayerIDLS","SnapLocID","PDate","Snaptime","OP","H2F","Hang","Distance","Efficiency","Height","Weight","Practice","Game","precipitation","Wind","Grass","Turf","Temp"
1,96,NA,41,1,"2024-08-02",0.71,2.04,1.33,NA,NA,0,72,190,1,0,0.66,13,1,0,74.45
2,61,NA,41,1,"2024-08-02",0.73,2.06,1.33,NA,NA,0,72,190,1,0,0.66,13,1,0,74.45
3,96,NA,41,2,"2024-08-02",0.72,2.09,1.37,NA,NA,0,72,190,1,0,0.66,13,1,0,74.45
4,61,NA,98,1,"2024-08-02",0.82,2.19,1.37,NA,NA,0,72,190,1,0,0.66,13,1,0,74.45
5,96,1,41,1,"2024-08-02",0.74,2.12,1.38,3.9,45,1,72,190,1,0,0.66,13,1,0,74.45
6,96,3,41,1,"2024-08-02",0.73,2.13,1.4,2.81,34,1,72,190,1,0,0.66,13,1,0,74.45
7,96,1,41,3,"2024-08-02",0.77,2.19,1.42,3.43,39,1,72,190,1,0,0.66,13,1,0,74.45
8,96,1,41,1,"2024-08-02",0.69,2.06,1.37,2.78,35,1,72,190,1,0,0.66,13,1,0,74.45
9,61,3,98,2,"2024-08-02",0.79,2.17,1.38,4.23,40,1,72,190,1,0,0.66,13,1,0,74.45
10,61,1,98,3,"2024-08-02",0.82,2.2,1.38,3.51,37,1,72,190,1,0,0.66,13,1,0,74.45
11,61,1,98,2,"2024-08-02",0.82,2.15,1.33,4.07,44,1,72,190,1,0,0.66,13,1,0,74.45
12,96,NA,41,1,"2024-08-03",0.73,2.06,1.33,NA,NA,0,72,190,1,0,0.49,15,1,0,72.7
13,96,NA,41,1,"2024-08-03",0.75,2.16,1.41,NA,NA,0,72,190,1,0,0.49,15,1,0,72.7
14,96,NA,41,1,"2024-08-03",0.75,2.24,1.49,NA,NA,0,72,190,1,0,0.49,15,1,0,72.7
15,96,NA,41,1,"2024-08-03",0.72,2.05,1.33,NA,NA,0,72,190,1,0,0.49,15,1,0,72.7
16,61,NA,98,2,"2024-08-03",0.84,2.21,1.37,NA,NA,0,72,190,1,0,0.49,15,1,0,72.7
17,96,NA,41,3,"2024-08-03",0.77,2.17,1.4,NA,NA,0,72,190,1,0,0.49,15,1,0,72.7
18,96,NA,41,1,"2024-08-03",0.69,2.06,1.37,NA,NA,0,72,190,1,0,0.49,15,1,0,72.7
19,96,NA,41,2,"2024-08-03",0.72,2.06,1.34,NA,NA,0,72,190,1,0,0.49,15,1,0,72.7
20,96,NA,41,2,"2024-08-03",0.72,2.12,1.4,NA,NA,0,72,190,1,0,0.49,15,1,0,72.7
21,61,NA,98,1,"2024-08-03",0.78,2.16,1.38,NA,NA,0,72,190,1,0,0.49,15,1,0,72.7
22,61,NA,98,3,"2024-08-03",0.87,2.34,1.47,NA,NA,0,72,190,1,0,0.49,15,1,0,72.7
23,61,NA,98,3,"2024-08-03",0.79,2.25,1.46,NA,NA,0,72,190,1,0,0.49,15,1,0,72.7
24,61,NA,98,3,"2024-08-03",0.78,2.15,1.37,NA,NA,0,72,190,1,0,0.49,15,1,0,72.7
25,96,NA,41,1,"2024-08-05",0.73,2,1.27,NA,NA,0,72,190,1,0,0,15,0,1,79.13
26,96,NA,41,2,"2024-08-05",0.69,1.99,1.3,NA,NA,0,72,190,1,0,0,15,0,1,79.13
27,96,NA,41,1,"2024-08-05",0.69,1.98,1.29,NA,NA,0,72,190,1,0,0,15,0,1,79.13
28,96,NA,41,1,"2024-08-05",0.74,2.03,1.29,NA,NA,0,72,190,1,0,0,15,0,1,79.13
29,61,NA,98,2,"2024-08-05",0.84,2.13,1.29,NA,NA,0,72,190,1,0,0,15,0,1,79.13
30,61,NA,98,2,"2024-08-05",0.78,2.1,1.32,NA,NA,0,72,190,1,0,0,15,0,1,79.13
31,61,NA,98,2,"2024-08-05",0.82,2.22,1.4,NA,NA,0,72,190,1,0,0,15,0,1,79.13
32,96,3,41,1,"2024-08-09",0.71,1.92,1.21,3.25,37,1,72,190,1,0,0,20,1,0,74
33,96,2,41,1,"2024-08-09",0.72,2.04,1.32,4.01,54,1,72,190,1,0,0,20,1,0,74
34,96,2,41,1,"2024-08-09",0.7,2.02,1.32,3.79,49,1,72,190,1,0,0,20,1,0,74
35,61,3,98,1,"2024-08-09",0.81,2.14,1.33,3.4,43,1,72,190,1,0,0,20,1,0,74
36,61,2,41,1,"2024-08-10",0.7,2.07,1.37,3.4,35,1,72,190,1,0,0.04,15,0,1,66.33
37,61,2,41,2,"2024-08-10",0.71,2.05,1.34,4.27,45,1,72,190,1,0,0.04,15,0,1,66.33
38,61,2,41,1,"2024-08-10",0.71,2.02,1.31,3.78,32,0,72,190,1,0,0.04,15,0,1,66.33
39,61,1,41,2,"2024-08-10",0.72,2.37,1.65,3.82,27,0,72,190,1,0,0.04,15,0,1,66.33
40,96,3,98,2,"2024-08-10",0.81,2.35,1.54,4.22,50,1,72,190,1,0,0.04,15,0,1,66.33
41,96,3,98,2,"2024-08-10",0.78,2.15,1.37,4.07,45,1,72,190,1,0,0.04,15,0,1,66.33
42,96,3,98,2,"2024-08-10",0.84,2.19,1.35,4.11,51,1,72,190,1,0,0.04,15,0,1,66.33
43,96,1,98,3,"2024-08-10",0.82,2.11,1.29,4.03,49,1,72,190,1,0,0.04,15,0,1,66.33
44,96,NA,41,1,"2024-08-12",0.51,1.59,1.08,NA,NA,0,72,190,1,0,0,16,0,1,67.83
45,96,NA,41,1,"2024-08-12",0.57,1.61,1.04,NA,NA,0,72,190,1,0,0,16,0,1,67.83
46,96,NA,41,1,"2024-08-12",0.52,1.62,1.1,NA,NA,0,72,190,1,0,0,16,0,1,67.83
47,61,NA,98,3,"2024-08-12",0.62,1.87,1.25,NA,NA,0,72,190,1,0,0,16,0,1,67.83
48,61,NA,98,3,"2024-08-12",0.63,1.79,1.16,NA,NA,0,72,190,1,0,0,16,0,1,67.83
49,61,NA,98,3,"2024-08-12",0.63,1.82,1.19,NA,NA,0,72,190,1,0,0,16,0,1,67.83
50,96,NA,41,1,"2024-08-12",0.52,1.53,1.01,NA,NA,0,72,190,1,0,0,16,0,1,67.83
51,96,3,41,1,"2024-08-12",0.71,2.28,1.57,3.89,39,1,72,190,1,0,0,16,0,1,67.83
52,96,3,41,1,"2024-08-12",0.7,2.15,1.45,4.03,42,1,72,190,1,0,0,16,0,1,67.83
53,61,1,98,3,"2024-08-12",0.8,2.27,1.47,3.81,48,1,72,190,1,0,0,16,0,1,67.83
54,61,1,98,2,"2024-08-12",0.81,2.25,1.44,3.57,40,1,72,190,1,0,0,16,0,1,67.83
55,96,3,41,3,"2024-08-12",0.53,1.57,1.04,4.09,45,1,72,190,1,0,0,16,0,1,67.83
56,96,3,41,1,"2024-08-12",0.52,1.51,0.99,3.65,46,1,72,190,1,0,0,16,0,1,67.83
57,61,1,98,3,"2024-08-12",0.64,1.72,1.08,3.87,37,1,72,190,1,0,0,16,0,1,67.83
58,61,1,98,1,"2024-08-12",0.57,1.61,1.04,3.36,36,1,72,190,1,0,0,16,0,1,67.83
59,96,1,41,1,"2024-08-12",0.7,2.14,1.44,3.92,40,1,72,190,1,0,0,16,0,1,67.83
60,96,3,41,1,"2024-08-12",0.71,2.2,1.49,3.8,28,0,72,190,1,0,0,16,0,1,67.83
61,61,3,98,1,"2024-08-12",0.77,2.12,1.35,3.15,34,1,72,190,1,0,0,16,0,1,67.83
62,61,3,98,2,"2024-08-12",0.82,2.2,1.38,3.7,45,1,72,190,1,0,0,16,0,1,67.83
63,96,1,41,1,"2024-08-12",0.52,1.6,1.08,3.4,34,1,72,190,1,0,0,16,0,1,67.83
64,96,2,41,1,"2024-08-12",0.51,1.59,1.08,3.72,39,1,72,190,1,0,0,16,0,1,67.83
65,61,1,98,1,"2024-08-12",0.64,1.66,1.02,3.7,39,1,72,190,1,0,0,16,0,1,67.83
66,61,1,98,1,"2024-08-12",0.66,1.63,0.97,2.89,33,0,72,190,1,0,0,16,0,1,67.83
67,96,NA,41,1,"2024-08-13",0.51,1.57,1.06,NA,NA,0,72,190,1,0,0,7,0,1,69.88
68,61,NA,98,2,"2024-08-13",0.6,1.7,1.1,NA,NA,0,72,190,1,0,0,7,0,1,69.88
69,96,NA,41,1,"2024-08-13",0.75,2.22,1.47,NA,NA,0,72,190,1,0,0,7,0,1,69.88
70,61,NA,98,2,"2024-08-13",0.8,2.2,1.4,NA,NA,0,72,190,1,0,0,7,0,1,69.88
71,96,3,41,1,"2024-08-13",0.69,2.09,1.4,3.66,34,1,72,190,1,0,0,7,0,1,69.88
72,61,3,98,1,"2024-08-13",0.81,2.12,1.31,3.93,32,1,72,190,1,0,0,7,0,1,69.88
73,96,2,41,1,"2024-08-13",0.75,2.17,1.42,3.78,34,1,72,190,1,0,0,7,0,1,69.88
74,61,2,98,1,"2024-08-13",0.79,2.2,1.41,3.84,37,1,72,190,1,0,0,7,0,1,69.88
75,96,2,41,1,"2024-08-13",0.53,1.54,1.01,4.03,49,1,72,190,1,0,0,7,0,1,69.88
76,61,2,98,1,"2024-08-13",0.62,1.66,1.04,3.75,50,1,72,190,1,0,0,7,0,1,69.88
77,61,1,58,3,"2024-08-13",0.81,2.22,1.41,3.5,41,1,72,190,1,0,0,7,0,1,69.88
78,61,1,58,2,"2024-08-13",0.79,2.11,1.32,4.01,49,1,72,190,1,0,0,7,0,1,69.88
79,61,1,58,1,"2024-08-13",0.82,2.25,1.43,3.57,41,1,72,190,1,0,0,7,0,1,69.88
80,61,1,58,3,"2024-08-13",0.81,2.18,1.37,3.78,43,1,72,190,1,0,0,7,0,1,69.88
81,61,2,58,1,"2024-08-13",0.79,2.14,1.35,4.36,50,1,72,190,1,0,0,7,0,1,69.88
82,61,1,58,1,"2024-08-13",0.78,2.15,1.37,4.22,52,1,72,190,1,0,0,7,0,1,69.88
83,96,2,41,1,"2024-08-15",0.72,2.04,1.32,4,50,1,72,190,1,0,0,8,0,1,72.79
84,61,2,58,2,"2024-08-15",0.82,2.05,1.23,4.43,45,1,72,190,1,0,0,8,0,1,72.79
85,96,2,41,1,"2024-08-15",0.69,2.18,1.49,3.69,38,1,72,190,1,0,0,8,0,1,72.79
86,96,3,41,1,"2024-08-15",0.61,1.68,1.07,3.87,51,1,72,190,1,0,0,8,0,1,72.79
87,61,3,58,3,"2024-08-15",0.79,2.21,1.42,3.65,45,1,72,190,1,0,0,8,0,1,72.79
88,96,2,41,2,"2024-08-15",0.72,2.15,1.43,3,46,1,72,190,1,0,0,8,0,1,72.79
89,61,1,98,3,"2024-08-15",0.78,2.22,1.44,2.94,40,1,72,190,1,0,0,8,0,1,72.79
90,61,1,58,3,"2024-08-16",0.85,2.2,1.35,3.31,33,0,72,190,1,0,0.17,16,0,1,73.38
91,61,1,58,1,"2024-08-16",0.82,2.03,1.21,3.87,35,1,72,190,1,0,0.17,16,0,1,73.38
92,61,2,58,2,"2024-08-16",0.78,2.16,1.38,3.23,46,1,72,190,1,0,0.17,16,0,1,73.38
93,61,NA,58,3,"2024-08-16",0.81,2.23,1.42,NA,NA,0,72,190,1,0,0.17,16,0,1,73.38
94,96,2,41,1,"2024-08-16",0.69,2.13,1.44,2.78,50,1,72,190,1,0,0.17,16,0,1,73.38
95,61,2,98,2,"2024-08-16",0.81,2.12,1.31,3.7,45,1,72,190,1,0,0.17,16,0,1,73.38
96,96,3,41,1,"2024-08-16",0.69,2,1.31,4.19,26,0,72,190,1,0,0.17,16,0,1,73.38
97,61,3,98,2,"2024-08-16",0.78,2.25,1.47,3.78,32,1,72,190,1,0,0.17,16,0,1,73.38
98,96,2,41,1,"2024-08-16",0.5,1.5,1,2.93,41,1,72,190,1,0,0.17,16,0,1,73.38
99,61,2,98,2,"2024-08-16",0.63,1.78,1.15,3.19,42,1,72,190,1,0,0.17,16,0,1,73.38
100,61,3,98,1,"2024-08-16",0.56,1.56,1,3.65,58,1,72,190,1,0,0.17,16,0,1,73.38
101,61,3,58,3,"2024-08-19",0.78,2.03,1.25,3.5,42,1,72,190,1,0,0.3,18,0,1,65.43
102,96,2,41,3,"2024-08-20",0.72,2.08,1.36,3.31,46,1,72,190,1,0,0,15,0,1,60.54
103,96,2,41,1,"2024-08-20",0.68,2.03,1.32,4.25,56,1,72,190,1,0,0,15,0,1,60.54
104,96,2,41,1,"2024-08-20",0.72,2.04,1.36,4.53,57,1,72,190,1,0,0,15,0,1,60.54
105,96,3,41,2,"2024-08-20",0.72,2.08,1.28,2.6,30,0,72,190,1,0,0,15,0,1,60.54
106,61,1,58,1,"2024-08-20",0.81,2.09,1.3,3.78,51,1,72,190,1,0,0,15,0,1,60.54
107,61,1,58,3,"2024-08-20",0.75,2.05,1.3,3.6,53,1,72,190,1,0,0,15,0,1,60.54
108,61,NA,58,2,"2024-08-20",0.82,2.12,1.31,NA,NA,0,72,190,1,0,0,15,0,1,60.54
109,61,NA,58,2,"2024-08-20",0.78,2.09,1.31,3.09,47,1,72,190,1,0,0,15,0,1,60.54
110,96,1,41,1,"2024-08-24",0.67,2,1.33,3,39,1,72,190,1,0,0,10,0,1,71
111,96,3,41,1,"2024-08-24",0.71,2.06,1.22,3.06,38,1,72,190,1,0,0,10,0,1,71
112,96,2,41,1,"2024-08-24",0.67,2.03,1.28,4.03,46,1,72,190,1,0,0,10,0,1,71
113,61,2,98,1,"2024-08-24",0.84,2.13,1.44,3.6,47,1,72,190,1,0,0,10,0,1,71
114,61,1,98,2,"2024-08-24",0.75,2.06,1.31,3.6,50,1,72,190,1,0,0,10,0,1,71
115,96,2,41,2,"2024-08-24",0.69,2.12,1.4,3.15,38,1,72,190,1,0,0,10,0,1,71
116,96,2,41,3,"2024-08-24",0.75,2.04,1.26,3.82,44,1,72,190,1,0,0,10,0,1,71
117,96,3,41,2,"2024-08-24",0.72,2.12,1.34,4.22,45,1,72,190,1,0,0,10,0,1,71
118,61,2,98,2,"2024-08-24",0.78,2.19,1.41,3.62,38,1,72,190,1,0,0,10,0,1,71
119,61,3,98,1,"2024-08-24",0.78,2.09,1.31,4.03,43,1,72,190,1,0,0,10,0,1,71
120,61,2,58,3,"2024-08-25",0.81,2.1,1.29,2.97,31,0,72,190,1,0,0,8,0,1,74.79
121,61,1,58,3,"2024-08-25",0.78,2.06,1.28,3.44,38,1,72,190,1,0,0,8,0,1,74.79
122,61,2,58,2,"2024-08-25",0.78,2.12,1.34,3.88,43,1,72,190,1,0,0,8,0,1,74.79
123,61,2,58,3,"2024-08-25",0.81,1.97,1.16,3.2,41,1,72,190,1,0,0,8,0,1,74.79
124,61,1,58,1,"2024-08-25",0.77,2.01,1.24,3.71,45,1,72,190,1,0,0,8,0,1,74.79
125,61,3,58,3,"2024-08-25",0.75,1.97,1.22,3.5,41,1,72,190,1,0,0,8,0,1,74.79
126,61,2,58,2,"2024-08-25",0.75,1.89,1.14,3.6,40,1,72,190,1,0,0,8,0,1,74.79
127,61,2,58,1,"2024-08-25",0.78,1.86,1.08,3.65,36,1,72,190,1,0,0,8,0,1,74.79
128,61,3,58,1,"2024-08-25",0.76,1.85,1.09,2.95,44,1,72,190,1,0,0,8,0,1,74.79
129,61,3,58,1,"2024-08-25",0.77,1.85,1.08,3.35,40,1,72,190,1,0,0,8,0,1,74.79
130,61,NA,58,2,"2024-08-25",0.78,1.81,1.03,NA,NA,0,72,190,1,0,0,8,0,1,74.79
131,61,2,58,2,"2024-08-28",0.77,2,1.19,3.47,32,0,72,190,1,0,0,10,0,1,78.88
132,61,1,58,2,"2024-08-28",0.78,2,1.22,3.91,48,1,72,190,1,0,0,10,0,1,78.88
133,61,2,58,1,"2024-08-28",0.79,1.95,1.14,3.72,46,1,72,190,1,0,0,10,0,1,78.88
134,61,1,58,1,"2024-08-28",0.78,1.96,1.19,3.69,50,1,72,190,1,0,0,10,0,1,78.88
135,61,2,58,2,"2024-08-28",0.79,2.19,1.41,4,49,1,72,190,1,0,0,10,0,1,78.88
136,61,1,58,2,"2024-08-28",0.75,2.1,1.31,3.97,49,1,72,190,1,0,0,10,0,1,78.88
137,61,1,58,1,"2024-08-28",0.82,1.97,1.19,3.97,39,1,72,190,1,0,0,10,0,1,78.88
138,61,2,58,1,"2024-08-28",0.75,2,1.21,3.56,45,1,72,190,1,0,0,10,0,1,78.88
139,61,1,58,1,"2024-08-28",0.78,2.01,1.26,3.6,45,1,72,190,1,0,0,10,0,1,78.88
140,61,2,58,1,"2024-08-28",0.76,2.06,1.24,4.03,45,1,72,190,1,0,0,10,0,1,78.88
141,61,2,58,2,"2024-08-28",0.78,2.12,1.37,3.48,41,1,72,190,1,0,0,10,0,1,78.88
142,61,2,41,3,"2024-09-03",0.8,2.1,1.3,3.19,41,1,72,190,1,0,0,10,0,1,61.29
143,61,3,41,1,"2024-09-03",0.73,2.03,1.3,3.84,43,1,72,190,1,0,0,10,0,1,61.29
144,61,2,98,1,"2024-09-03",0.81,2.03,1.22,4,45,1,72,190,1,0,0,10,0,1,61.29
145,61,2,41,3,"2024-09-03",0.72,1.99,1.27,2.2,44,1,72,190,1,0,0,10,0,1,61.29
146,96,1,98,2,"2024-09-03",0.81,2.19,1.38,3.3,60,1,72,190,1,0,0,10,0,1,61.29
147,61,NA,58,1,"2024-09-04",0.79,2.03,1.24,NA,NA,0,72,190,1,0,0,10,0,1,65.79
148,61,1,58,1,"2024-09-04",0.81,1.9,1.09,2.91,42,1,72,190,1,0,0,10,0,1,65.79
149,61,2,58,1,"2024-09-04",0.8,2.01,1.21,3.84,37,1,72,190,1,0,0,10,0,1,65.79
150,61,3,58,2,"2024-09-04",0.84,2.03,1.19,3.19,44,1,72,190,1,0,0,10,0,1,65.79
151,61,1,58,2,"2024-09-04",0.84,2.09,1.25,3,47,1,72,190,1,0,0,10,0,1,65.79
152,61,1,58,2,"2024-09-04",0.85,2.09,1.24,3.1,30,0,72,190,1,0,0,10,0,1,65.79
153,61,NA,58,3,"2024-09-04",0.81,2.2,1.39,NA,NA,0,72,190,1,0,0,10,0,1,65.79
154,61,2,41,1,"2024-09-10",0.69,1.97,1.28,3.78,49,1,72,190,1,0,0,8,0,1,66.83
155,61,NA,58,2,"2024-09-10",0.78,1.97,1.19,NA,NA,0,72,190,1,0,0,8,0,1,66.83
156,61,2,41,1,"2024-09-10",0.72,1.94,1.22,3.55,43,1,72,190,1,0,0,8,0,1,66.83
157,61,3,58,2,"2024-09-10",0.74,2.04,1.3,3.91,52,1,72,190,1,0,0,8,0,1,66.83
158,61,3,41,2,"2024-09-10",0.72,2.06,1.34,3.65,49,1,72,190,1,0,0,8,0,1,66.83
159,61,1,58,3,"2024-09-10",0.85,2.25,1.4,3.72,49,1,72,190,1,0,0,8,0,1,66.83
160,61,3,41,2,"2024-09-10",0.73,1.97,1.24,3.33,34,1,72,190,1,0,0,8,0,1,66.83
161,61,3,58,2,"2024-09-10",0.79,1.99,1.2,3.57,32,1,72,190,1,0,0,8,0,1,66.83
162,61,3,41,1,"2024-09-17",0.67,1.94,1.27,3.03,43,1,72,190,1,0,0,13,0,1,67.96
163,61,1,58,3,"2024-09-17",0.76,1.91,1.15,2.83,41,1,72,190,1,0,0,13,0,1,67.96
164,61,3,41,1,"2024-09-17",0.69,1.97,1.28,4.11,45,1,72,190,1,0,0,13,0,1,67.96
165,61,1,58,2,"2024-09-17",0.74,1.94,1.2,3.5,44,1,72,190,1,0,0,13,0,1,67.96
166,61,2,41,2,"2024-09-17",0.7,1.97,1.3,3.06,49,1,72,190,1,0,0,13,0,1,67.96
167,61,3,58,2,"2024-09-17",0.75,2.11,1.35,3.7,43,1,72,190,1,0,0,13,0,1,67.96
168,61,2,41,1,"2024-09-17",0.65,2.1,1.41,3.65,37,1,72,190,1,0,0,13,0,1,67.96
169,61,3,58,1,"2024-09-17",0.74,2.14,1.4,3.65,32,1,72,190,1,0,0,13,0,1,67.96
170,96,NA,58,NA,"2024-09-24",0.79,2.03,1.24,NA,NA,0,72,190,1,0,1.55,15,0,1,66.33
171,96,NA,58,NA,"2024-09-24",0.8,2.06,1.26,NA,NA,0,72,190,1,0,1.55,15,0,1,66.33
172,96,NA,58,NA,"2024-09-24",0.78,2.21,1.43,NA,NA,0,72,190,1,0,1.55,15,0,1,66.33
173,61,NA,44,NA,"2024-09-24",0.79,2.06,1.27,NA,NA,0,72,190,1,0,1.55,15,0,1,66.33
174,61,NA,44,NA,"2024-09-24",0.78,2.06,1.28,NA,NA,0,72,190,1,0,1.55,15,0,1,66.33
175,96,NA,58,NA,"2024-09-24",0.81,2.09,1.28,NA,NA,0,72,190,1,0,1.55,15,0,1,66.33
176,96,NA,58,NA,"2024-09-24",0.8,2.16,1.36,NA,NA,0,72,190,1,0,1.55,15,0,1,66.33
177,96,2,58,NA,"2024-09-24",0.85,2.16,1.31,3.69,38,1,72,190,1,0,1.55,15,0,1,66.33
178,61,2,44,NA,"2024-09-24",0.8,2.07,1.27,3.78,45,1,72,190,1,0,1.55,15,0,1,66.33
179,61,NA,44,NA,"2024-09-24",0.81,2.21,1.4,NA,NA,0,72,190,1,0,1.55,15,0,1,66.33
180,96,3,58,2,"2024-10-03",0.8,2.21,1.41,4,33,1,72,190,1,0,0,8,0,1,60.79
181,96,2,58,2,"2024-10-03",0.84,2.23,1.39,3.75,41,1,72,190,1,0,0,8,0,1,60.79
182,96,1,58,2,"2024-10-03",0.8,2.46,1.66,3.15,47,1,72,190,1,0,0,8,0,1,60.79
183,61,2,44,1,"2024-10-03",0.78,2.19,1.41,3.75,25,0,72,190,1,0,0,8,0,1,60.79
184,61,3,44,3,"2024-10-03",0.84,2.35,1.51,2.94,54,1,72,190,1,0,0,8,0,1,60.79
185,96,2,58,2,"2024-10-03",0.82,2.22,1.4,3.56,48,1,72,190,1,0,0,8,0,1,60.79
186,96,2,58,1,"2024-10-03",0.79,2.04,1.25,3.63,47,1,72,190,1,0,0,8,0,1,60.79
187,96,3,58,3,"2024-10-03",0.86,2.32,1.46,4.06,41,1,72,190,1,0,0,8,0,1,60.79
188,61,1,44,2,"2024-10-03",0.79,2.22,1.43,3.12,25,0,72,190,1,0,0,8,0,1,60.79
189,61,1,44,1,"2024-10-03",0.78,2.12,1.34,3.94,42,1,72,190,1,0,0,8,0,1,60.79
190,61,1,58,3,"2024-10-06",0.84,2.01,1.17,2.55,50,1,72,190,1,0,0,23,0,1,67.35
191,61,NA,58,1,"2024-10-06",0.78,1.94,1.16,NA,NA,0,72,190,1,0,0,23,0,1,67.35
192,61,NA,58,2,"2024-10-06",0.8,1.81,1.01,NA,NA,0,72,190,1,0,0,23,0,1,67.35
193,61,2,58,2,"2024-10-06",0.81,1.81,1,3.25,26,0,72,190,1,0,0,23,0,1,67.35
194,61,2,58,2,"2024-10-08",0.78,2.06,1.28,3.35,39,1,72,190,1,0,0,15,0,1,52.79
195,61,1,58,2,"2024-10-08",0.84,2.31,1.47,4,40,1,72,190,1,0,0,15,0,1,52.79
196,61,1,58,2,"2024-10-08",0.79,2.07,1.28,3.81,40,1,72,190,1,0,0,15,0,1,52.79
197,61,1,58,2,"2024-10-08",0.72,2.09,1.37,3.75,45,1,72,190,1,0,0,15,0,1,52.79
198,61,1,58,1,"2024-10-08",0.75,2.22,1.47,4.06,37,1,72,190,1,0,0,15,0,1,52.79
199,61,1,58,1,"2024-10-09",0.84,1.84,1,2.97,37,1,72,190,1,0,0,14,0,1,52.13
200,61,1,58,1,"2024-10-09",0.81,1.83,1.01,3.4,35,1,72,190,1,0,0,14,0,1,52.13
201,61,2,58,1,"2024-10-09",0.78,2,1.22,3.5,48,1,72,190,1,0,0,14,0,1,52.13
202,61,1,58,2,"2024-10-09",0.84,1.85,1.01,3.97,43,1,72,190,1,0,0,14,0,1,52.13
203,61,NA,58,2,"2024-10-15",0.8,2.12,1.32,NA,NA,0,72,190,1,0,0.1,16,0,1,43
204,61,NA,58,1,"2024-10-15",0.8,2.15,1.35,NA,NA,0,72,190,1,0,0.1,16,0,1,43
205,61,2,58,1,"2024-10-15",0.77,2.12,1.35,NA,42,1,72,190,1,0,0.1,16,0,1,43
206,61,NA,44,2,"2024-10-15",0.75,2.13,1.38,NA,NA,0,72,190,1,0,0.1,16,0,1,43
207,61,NA,44,1,"2024-10-15",0.76,2.13,1.45,NA,NA,0,72,190,1,0,0.1,16,0,1,43
208,61,NA,58,1,"2024-10-15",0.81,2.14,1.33,NA,NA,0,72,190,1,0,0.1,16,0,1,43
209,61,1,58,2,"2024-10-15",0.84,2.34,1.5,3.16,48,1,72,190,1,0,0.1,16,0,1,43
210,61,2,58,1,"2024-10-15",0.81,2.37,1.56,3.72,50,1,72,190,1,0,0.1,16,0,1,43
211,61,1,44,2,"2024-10-15",0.79,2.21,1.42,2.9,36,1,72,190,1,0,0.1,16,0,1,43
212,61,2,44,3,"2024-10-15",0.86,2.6,1.74,3.7,48,1,72,190,1,0,0.1,16,0,1,43
213,61,NA,58,2,"2024-10-16",0.84,2.06,1.22,NA,NA,0,72,190,1,0,0.44,15,0,1,44.25
214,61,1,58,1,"2024-10-16",0.78,1.84,1.06,2.66,42,1,72,190,1,0,0.44,15,0,1,44.25
215,61,NA,58,2,"2024-10-16",0.81,2.04,1.23,NA,NA,0,72,190,1,0,0.44,15,0,1,44.25
216,61,1,58,3,"2024-10-16",0.85,2.09,1.24,3.03,43,1,72,190,1,0,0.44,15,0,1,44.25
217,61,1,58,1,"2024-10-16",0.81,2.19,1.38,3.5,32,0,72,190,1,0,0.44,15,0,1,44.25
218,61,1,58,2,"2024-10-16",0.82,2.07,1.25,3.28,32,0,72,190,1,0,0.44,15,0,1,44.25
219,61,1,58,3,"2024-10-16",0.85,2.03,1.18,3.97,31,0,72,190,1,0,0.44,15,0,1,44.25
220,61,1,58,2,"2024-10-16",0.85,1.87,1.02,4.31,38,1,72,190,1,0,0.44,15,0,1,44.25
221,61,1,58,2,"2024-10-22",0.78,2.15,1.37,3.9,45,1,72,190,1,0,0,14,0,1,61.42
222,61,3,58,1,"2024-10-22",0.82,2.09,1.27,3.75,40,1,72,190,1,0,0,14,0,1,61.42
223,61,1,58,2,"2024-10-22",0.81,2.31,1.5,3.28,35,1,72,190,1,0,0,14,0,1,61.42
224,61,1,58,1,"2024-10-22",0.75,2.16,1.41,3.75,33,0,72,190,1,0,0,14,0,1,61.42
225,61,2,58,2,"2024-10-22",0.76,2.25,1.49,4.03,36,1,72,190,1,0,0,14,0,1,61.42
226,61,3,58,2,"2024-10-22",0.81,2.37,1.56,4.21,38,1,72,190,1,0,0,14,0,1,61.42
227,61,1,58,2,"2024-10-22",0.79,2.06,1.27,3.75,47,1,72,190,1,0,0,14,0,1,61.42
228,61,2,58,1,"2024-10-22",0.78,2.16,1.38,3.97,41,1,72,190,1,0,0,14,0,1,61.42
229,61,1,58,1,"2024-10-22",0.74,2.03,1.29,3.37,39,1,72,190,1,0,0,14,0,1,61.42
230,61,3,58,2,"2024-10-22",0.78,2.24,1.46,3.86,41,1,72,190,1,0,0,14,0,1,61.42
231,61,3,58,2,"2024-10-23",0.76,1.81,1.05,3.12,43,1,72,190,1,0,0,17,0,1,61.68
232,61,2,58,2,"2024-10-23",0.81,1.97,1.16,2.9,30,0,72,190,1,0,0,17,0,1,61.68
233,61,3,58,1,"2024-10-23",0.81,1.81,1,3.57,23,0,72,190,1,0,0,17,0,1,61.68
234,61,1,58,1,"2024-10-23",0.79,1.65,0.86,3.25,39,1,72,190,1,0,0,17,0,1,61.68
235,61,3,58,1,"2024-10-23",0.78,1.87,1.09,3.1,8,0,72,190,1,0,0,17,0,1,61.68
236,61,1,58,3,"2024-10-23",0.83,1.85,1.02,2.25,34,0,72,190,1,0,0,17,0,1,61.68
237,61,2,58,1,"2024-10-23",0.84,1.91,1.07,2.88,32,0,72,190,1,0,0,17,0,1,61.68
238,96,3,58,2,"2024-11-02",0.78,2.06,1.28,4.48,40,1,72,190,1,0,0,8,0,1,46.08
239,96,2,58,1,"2024-11-02",0.82,2.19,1.37,2.98,45,1,72,190,1,0,0,8,0,1,46.08
240,96,2,58,1,"2024-11-02",0.81,2.16,1.35,3.3,35,1,72,190,1,0,0,8,0,1,46.08
241,61,3,44,3,"2024-11-02",0.83,2.21,1.38,3.9,50,1,72,190,1,0,0,8,0,1,46.08
242,61,1,44,2,"2024-11-02",0.8,2.13,1.33,3.12,36,1,72,190,1,0,0,8,0,1,46.08
243,96,3,58,3,"2024-11-02",0.79,2.21,1.42,3.81,48,1,72,190,1,0,0,8,0,1,46.08
244,96,2,58,2,"2024-11-02",0.8,2.16,1.36,3.41,34,1,72,190,1,0,0,8,0,1,46.08
245,96,3,58,2,"2024-11-02",0.77,2.21,1.44,2.9,33,1,72,190,1,0,0,8,0,1,46.08
246,61,1,44,2,"2024-11-02",0.79,2.27,1.48,4.3,44,1,72,190,1,0,0,8,0,1,46.08
247,61,2,44,2,"2024-11-02",0.78,2.28,1.5,3.3,36,1,72,190,1,0,0,8,0,1,46.08
248,61,NA,58,1,"2024-11-03",0.8,2.02,1.22,NA,NA,0,72,190,1,0,0,15,0,1,50.13
249,61,1,58,2,"2024-11-03",0.81,1.96,1.15,3.89,40,1,72,190,1,0,0,15,0,1,50.13
250,61,3,58,2,"2024-11-03",0.79,1.93,1.14,2.23,26,0,72,190,1,0,0,15,0,1,50.13
251,61,2,58,2,"2024-11-03",0.81,2.03,1.22,2.9,45,1,72,190,1,0,0,15,0,1,50.13
252,61,NA,58,1,"2024-11-03",0.83,2.04,1.21,NA,NA,0,72,190,1,0,0,15,0,1,50.13
253,61,1,58,1,"2024-11-03",0.83,2,1.17,2.8,33,0,72,190,1,0,0,15,0,1,50.13
254,61,1,58,2,"2024-11-03",0.83,2.07,1.24,3.7,37,1,72,190,1,0,0,15,0,1,50.13
255,61,1,58,1,"2024-11-03",0.81,1.99,1.18,2.95,31,0,72,190,1,0,0,15,0,1,50.13
256,96,2,58,1,"2024-11-09",0.8,2.23,1.43,3.86,45,1,72,190,1,0,0,14,0,1,46
257,96,3,58,1,"2024-11-09",0.78,2.13,1.35,4.13,40,1,72,190,1,0,0,14,0,1,46
258,96,3,58,2,"2024-11-09",0.8,2.07,1.27,3.75,44,1,72,190,1,0,0,14,0,1,46
259,61,2,44,2,"2024-11-09",0.79,2.09,1.3,3.65,43,1,72,190,1,0,0,14,0,1,46
260,61,2,44,2,"2024-11-09",0.77,2.15,1.38,3.07,40,1,72,190,1,0,0,14,0,1,46
261,61,3,44,2,"2024-11-09",0.79,2.33,1.54,3.71,48,1,72,190,1,0,0,14,0,1,46
262,96,2,58,2,"2024-11-09",0.79,2.3,1.51,2.74,38,1,72,190,1,0,0,14,0,1,46
263,96,2,58,2,"2024-11-09",0.78,2.31,1.53,3.58,32,0,72,190,1,0,0,14,0,1,46
264,96,2,58,3,"2024-11-09",0.76,2.07,1.31,3.9,39,1,72,190,1,0,0,14,0,1,46
265,61,2,44,1,"2024-11-09",0.72,2.2,1.48,2.64,33,1,72,190,1,0,0,14,0,1,46
266,61,2,44,2,"2024-11-09",0.74,2.27,1.53,2.93,37,1,72,190,1,0,0,14,0,1,46
267,61,2,58,2,"2024-11-10",0.82,1.79,0.97,3.65,40,1,72,190,1,0,0.02,18,0,1,52.71
268,61,NA,58,2,"2024-11-10",0.81,1.9,1.09,NA,NA,0,72,190,1,0,0.02,18,0,1,52.71
269,61,NA,58,2,"2024-11-10",0.77,1.69,0.92,NA,NA,0,72,190,1,0,0.02,18,0,1,52.71
270,61,2,58,1,"2024-11-10",0.78,1.8,1.02,3.35,51,1,72,190,1,0,0.02,18,0,1,52.71
271,61,NA,58,1,"2024-11-10",0.82,1.92,1.1,NA,NA,0,72,190,1,0,0.02,18,0,1,52.71
272,61,NA,58,2,"2024-11-10",0.8,1.81,1.01,NA,NA,0,72,190,1,0,0.02,18,0,1,52.71
273,61,3,58,1,"2024-11-10",0.78,1.8,1.02,2.86,37,1,72,190,1,0,0.02,18,0,1,52.71
274,61,NA,58,1,"2024-11-10",0.76,1.8,1.04,NA,NA,0,72,190,1,0,0.02,18,0,1,52.71
275,96,3,41,1,"2024-08-31",0.72,2.32,1.6,2.9,46,1,72,190,0,1,0.39,12,1,0,81.67
276,96,1,41,1,"2024-08-31",0.69,1.91,1.22,3.16,52,1,72,190,0,1,0.39,12,1,0,81.67
277,96,3,41,1,"2024-08-31",0.72,1.94,1.22,3.63,35,1,72,190,0,1,0.39,12,1,0,81.67
278,96,3,41,2,"2024-08-31",0.7,1.93,1.23,3.06,40,1,72,190,0,1,0.39,12,1,0,81.67
279,96,3,41,1,"2024-08-31",0.69,1.91,1.22,4.06,41,1,72,190,0,1,0.39,12,1,0,81.67
280,96,3,41,2,"2024-09-07",0.74,2.03,1.28,3.71,52,1,72,190,0,2,0.29,18,0,1,56.43
281,96,3,41,1,"2024-09-07",0.72,2.14,1.42,3.12,33,1,72,190,0,2,0.29,18,0,1,56.43
282,96,2,41,3,"2024-09-07",0.75,1.97,1.22,3.22,27,0,72,190,0,2,0.29,18,0,1,56.43
283,96,3,41,1,"2024-09-07",0.72,1.96,1.24,3.89,46,1,72,190,0,2,0.29,18,0,1,56.43
284,96,2,41,2,"2024-09-07",0.73,2.2,1.47,3.19,39,1,72,190,0,2,0.29,18,0,1,56.43
285,96,1,41,1,"2024-09-07",0.75,1.97,1.22,4.13,53,1,72,190,0,2,0.29,18,0,1,56.43
286,96,1,41,3,"2024-09-07",0.75,1.92,1.15,4.22,51,1,72,190,0,2,0.29,18,0,1,56.43
287,96,1,41,1,"2024-09-14",0.7,1.91,1.21,3.16,34,1,72,190,0,3,0,18,1,0,76.5
288,96,3,41,2,"2024-09-14",0.72,2.09,1.37,3.71,43,1,72,190,0,3,0,18,1,0,76.5
289,96,3,41,1,"2024-09-14",0.7,1.94,1.24,3.19,33,1,72,190,0,3,0,18,1,0,76.5
290,96,2,41,1,"2024-09-14",0.68,2.09,1.41,3.72,47,1,72,190,0,3,0,18,1,0,76.5
291,96,3,41,2,"2024-09-14",0.7,2.03,1.33,4.23,47,1,72,190,0,3,0,18,1,0,76.5
292,96,3,41,1,"2024-09-14",0.71,2.06,1.35,4.04,45,1,72,190,0,3,0,18,1,0,76.5
293,96,2,41,1,"2024-09-14",0.69,2.1,1.41,4.09,49,1,72,190,0,3,0,18,1,0,76.5
294,96,3,41,3,"2024-09-14",0.75,2.22,1.47,3.19,36,1,72,190,0,3,0,18,1,0,76.5
295,96,3,41,2,"2024-09-21",0.73,2.2,1.47,4.12,43,1,72,190,0,4,0,15,1,0,63.02
296,96,3,41,1,"2024-09-21",0.72,2.25,1.53,3.73,35,1,72,190,0,4,0,15,1,0,63.02
297,96,3,41,1,"2024-09-21",0.72,2.06,1.34,3.87,38,1,72,190,0,4,0,15,1,0,63.02
298,96,3,41,2,"2024-09-21",0.69,2.15,1.46,3.4,41,1,72,190,0,4,0,15,1,0,63.02
299,96,1,41,1,"2024-09-21",0.71,2.01,1.3,3.44,39,1,72,190,0,4,0,15,1,0,63.02
300,96,3,41,1,"2024-09-21",0.72,2.03,1.31,4.13,55,1,72,190,0,4,0,15,1,0,63.02
301,96,1,41,1,"2024-09-21",0.72,2.21,1.49,4.09,45,1,72,190,0,4,0,15,1,0,63.02
302,96,3,41,1,"2024-09-21",0.69,2.03,1.34,3.44,32,1,72,190,0,4,0,15,1,0,63.02
303,96,2,41,1,"2024-09-21",0.68,1.94,1.26,4.19,50,1,72,190,0,4,0,15,1,0,63.02
304,96,2,41,1,"2024-09-21",0.7,2.16,1.46,3.88,50,1,72,190,0,4,0,15,1,0,63.02
305,96,1,58,2,"2024-09-28",0.82,2.25,1.43,3.75,39,1,72,190,0,5,0,16,0,1,68.95
306,96,2,58,3,"2024-09-28",0.84,2.59,1.75,3.63,27,0,72,190,0,5,0,16,0,1,68.95
307,96,3,58,1,"2024-09-28",0.82,2.06,1.24,4.04,49,1,72,190,0,5,0,16,0,1,68.95
308,96,2,58,1,"2024-09-28",0.79,1.97,1.18,2.4,50,1,72,190,0,5,0,16,0,1,68.95
309,96,2,58,3,"2024-09-28",1.02,2.32,1.3,4.25,51,1,72,190,0,5,0,16,0,1,68.95
310,96,3,58,1,"2024-10-12",0.79,1.96,1.17,3.86,41,1,72,190,0,6,0,9,0,1,58.78
311,96,3,58,1,"2024-10-12",0.75,1.88,1.13,3.48,36,1,72,190,0,6,0,9,0,1,58.78
312,96,1,58,1,"2024-10-19",0.78,2.03,1.25,3.19,61,1,72,190,0,7,0,6,0,1,52
313,96,3,58,3,"2024-10-19",0.78,1.85,1.07,3.65,40,1,72,190,0,7,0,6,0,1,52
314,96,3,58,2,"2024-10-19",0.83,2.44,1.61,4.2,45,1,72,190,0,7,0,6,0,1,52
315,96,3,58,1,"2024-10-19",0.79,2.01,1.23,3.84,48,1,72,190,0,7,0,6,0,1,52
316,96,1,58,1,"2024-10-19",0.78,1.97,1.2,3.14,49,1,72,190,0,7,0,6,0,1,52
317,96,3,58,2,"2024-10-26",0.78,2.68,1.9,3.98,38,1,72,190,0,8,0.02,14,0,1,47.42
318,96,2,58,1,"2024-10-26",0.75,2.11,1.36,2.83,44,1,72,190,0,8,0.02,14,0,1,47.42
319,96,1,58,1,"2024-10-26",0.81,2.11,1.3,3.66,34,1,72,190,0,8,0.02,14,0,1,47.42
320,96,3,58,2,"2024-10-26",0.78,2.16,1.38,4.21,46,1,72,190,0,8,0.02,14,0,1,47.42
321,96,2,58,2,"2024-10-26",0.81,2.09,1.28,2.9,33,1,72,190,0,8,0.02,14,0,1,47.42
322,96,2,58,2,"2024-10-26",0.83,2.28,1.45,4.01,41,1,72,190,0,8,0.02,14,0,1,47.42
323,96,3,58,1,"2024-11-13",0.76,2.05,1.29,4.16,45,1,72,190,0,10,2,15,0,1,49.5
324,96,2,58,3,"2024-11-13",0.81,2.37,1.56,4.13,40,1,72,190,0,10,2,15,0,1,49.5
325,96,3,58,2,"2024-11-13",0.77,2.31,1.54,4.01,38,1,72,190,0,10,2,15,0,1,49.5
326,96,2,58,3,"2024-11-13",0.79,2.43,1.64,3.81,29,0,72,190,0,10,2,15,0,1,49.5
327,96,2,58,1,"2024-11-13",0.79,2.06,1.27,3.58,44,1,72,190,0,10,2,15,0,1,49.5
328,96,3,58,1,"2024-11-13",0.76,2.19,1.43,4.01,42,1,72,190,0,10,2,15,0,1,49.5
329,96,3,58,1,"2024-11-13",0.79,2.19,1.4,3.72,44,1,72,190,0,10,2,15,0,1,49.5
330,96,3,58,1,"2024-11-13",0.8,2.16,1.36,3,34,1,72,190,0,10,2,15,0,1,49.5
331,96,1,58,1,"2024-11-13",0.77,2.2,1.43,3.56,44,1,72,190,0,10,2,15,0,1,49.5
