"PlayerIDP","PLocID","PlayerIDLS","SnapLocID","PDate","Snaptime","OP","H2F","Hang","Distance","Efficiency","Height","Weight","Practice","Game","precipitation","Wind","Grass","Turf","Temp"
96,2,41,1,-1.33510419503927,-0.696022428671778,-0.117968525429735,0.185954807303721,0.160067663321123,-0.0410079647358427,0,NA,NA,1,0,1.12418840733094,-0.07692083481554,1,0,1.01850129111579
61,2,41,1,-1.33510419503927,-0.41334338095355,-0.00874452006681625,0.185954807303721,0.160067663321123,-0.0410079647358427,0,NA,NA,1,0,1.12418840733094,-0.07692083481554,1,0,1.01850129111579
96,2,41,2,-1.33510419503927,-0.554682904812664,0.155091487977561,0.447595790162531,0.160067663321123,-0.0410079647358427,0,NA,NA,1,0,1.12418840733094,-0.07692083481554,1,0,1.01850129111579
61,2,98,1,-1.33510419503927,0.858712333778476,0.701211514792156,0.447595790162531,0.160067663321123,-0.0410079647358427,0,NA,NA,1,0,1.12418840733094,-0.07692083481554,1,0,1.01850129111579
96,1,41,1,-1.33510419503927,-0.272003857094436,0.318927496021941,0.513006035877232,0.710092699370107,0.511301838795004,1,NA,NA,1,0,1.12418840733094,-0.07692083481554,1,0,1.01850129111579
96,3,41,1,-1.33510419503927,-0.41334338095355,0.373539498703399,0.643826527306637,-1.68801645780346,-1.00755012091482,1,NA,NA,1,0,1.12418840733094,-0.07692083481554,1,0,1.01850129111579
96,1,41,3,-1.33510419503927,0.152014714482907,0.701211514792156,0.774647018736042,-0.323954368401982,-0.317162866501266,1,NA,NA,1,0,1.12418840733094,-0.07692083481554,1,0,1.01850129111579
96,1,41,1,-1.33510419503927,-0.978701476390007,-0.00874452006681625,0.447595790162531,-1.75401946212934,-0.869472670032113,1,NA,NA,1,0,1.12418840733094,-0.07692083481554,1,0,1.01850129111579
61,3,98,2,-1.33510419503927,0.434693762201135,0.591987509429237,0.513006035877232,1.43612574695477,-0.179085415618554,1,NA,NA,1,0,1.12418840733094,-0.07692083481554,1,0,1.01850129111579
61,1,98,3,-1.33510419503927,0.858712333778476,0.755823517473617,0.513006035877232,-0.147946356866308,-0.593317768266689,1,NA,NA,1,0,1.12418840733094,-0.07692083481554,1,0,1.01850129111579
61,1,98,2,-1.33510419503927,0.858712333778476,0.482763504066318,0.185954807303721,1.08410972388342,0.373224387912292,1,NA,NA,1,0,1.12418840733094,-0.07692083481554,1,0,1.01850129111579
96,2,41,1,-1.30474632675885,-0.41334338095355,-0.00874452006681625,0.185954807303721,0.160067663321123,-0.0410079647358427,0,NA,NA,1,0,0.7289736023796,0.470623172150991,1,0,0.853595984813867
96,2,41,1,-1.30474632675885,-0.130664333235322,0.537375506747779,0.70923677302134,0.160067663321123,-0.0410079647358427,0,NA,NA,1,0,0.7289736023796,0.470623172150991,1,0,0.853595984813867
96,2,41,1,-1.30474632675885,-0.130664333235322,0.974271528199455,1.23251873873896,0.160067663321123,-0.0410079647358427,0,NA,NA,1,0,0.7289736023796,0.470623172150991,1,0,0.853595984813867
96,2,41,1,-1.30474632675885,-0.554682904812664,-0.063356522748277,0.185954807303721,0.160067663321123,-0.0410079647358427,0,NA,NA,1,0,0.7289736023796,0.470623172150991,1,0,0.853595984813867
61,2,98,2,-1.30474632675885,1.1413913814967,0.810435520155075,0.447595790162531,0.160067663321123,-0.0410079647358427,0,NA,NA,1,0,0.7289736023796,0.470623172150991,1,0,0.853595984813867
96,2,41,3,-1.30474632675885,0.152014714482907,0.591987509429237,0.643826527306637,0.160067663321123,-0.0410079647358427,0,NA,NA,1,0,0.7289736023796,0.470623172150991,1,0,0.853595984813867
96,2,41,1,-1.30474632675885,-0.978701476390007,-0.00874452006681625,0.447595790162531,0.160067663321123,-0.0410079647358427,0,NA,NA,1,0,0.7289736023796,0.470623172150991,1,0,0.853595984813867
96,2,41,2,-1.30474632675885,-0.554682904812664,-0.00874452006681625,0.251365053018424,0.160067663321123,-0.0410079647358427,0,NA,NA,1,0,0.7289736023796,0.470623172150991,1,0,0.853595984813867
96,2,41,2,-1.30474632675885,-0.554682904812664,0.318927496021941,0.643826527306637,0.160067663321123,-0.0410079647358427,0,NA,NA,1,0,0.7289736023796,0.470623172150991,1,0,0.853595984813867
61,2,98,1,-1.30474632675885,0.293354238342021,0.537375506747779,0.513006035877232,0.160067663321123,-0.0410079647358427,0,NA,NA,1,0,0.7289736023796,0.470623172150991,1,0,0.853595984813867
61,2,98,3,-1.30474632675885,1.56540995307405,1.52039155501405,1.10169824730955,0.160067663321123,-0.0410079647358427,0,NA,NA,1,0,0.7289736023796,0.470623172150991,1,0,0.853595984813867
61,2,98,3,-1.30474632675885,0.434693762201135,1.02888353088091,1.03628800159485,0.160067663321123,-0.0410079647358427,0,NA,NA,1,0,0.7289736023796,0.470623172150991,1,0,0.853595984813867
61,2,98,3,-1.30474632675885,0.293354238342021,0.482763504066318,0.447595790162531,0.160067663321123,-0.0410079647358427,0,NA,NA,1,0,0.7289736023796,0.470623172150991,1,0,0.853595984813867
96,2,41,1,-1.24403059019802,-0.41334338095355,-0.336416536155573,-0.206506666984494,0.160067663321123,-0.0410079647358427,0,NA,NA,1,0,-0.410174953068394,0.470623172150991,0,1,1.45950519596893
96,2,41,2,-1.24403059019802,-0.978701476390007,-0.391028538837033,-0.0102759298403866,0.160067663321123,-0.0410079647358427,0,NA,NA,1,0,-0.410174953068394,0.470623172150991,0,1,1.45950519596893
96,2,41,1,-1.24403059019802,-0.978701476390007,-0.445640541518492,-0.0756861755550891,0.160067663321123,-0.0410079647358427,0,NA,NA,1,0,-0.410174953068394,0.470623172150991,0,1,1.45950519596893
96,2,41,1,-1.24403059019802,-0.272003857094436,-0.172580528111196,-0.0756861755550891,0.160067663321123,-0.0410079647358427,0,NA,NA,1,0,-0.410174953068394,0.470623172150991,0,1,1.45950519596893
61,2,98,2,-1.24403059019802,1.1413913814967,0.373539498703399,-0.0756861755550891,0.160067663321123,-0.0410079647358427,0,NA,NA,1,0,-0.410174953068394,0.470623172150991,0,1,1.45950519596893
61,2,98,2,-1.24403059019802,0.293354238342021,0.209703490659022,0.120544561589018,0.160067663321123,-0.0410079647358427,0,NA,NA,1,0,-0.410174953068394,0.470623172150991,0,1,1.45950519596893
61,2,98,2,-1.24403059019802,0.858712333778476,0.865047522836536,0.643826527306637,0.160067663321123,-0.0410079647358427,0,NA,NA,1,0,-0.410174953068394,0.470623172150991,0,1,1.45950519596893
96,3,41,1,-1.12259911707637,-0.696022428671778,-0.773312557607249,-0.598968141272709,-0.719972394357251,-0.593317768266689,1,NA,NA,1,0,-0.410174953068394,1.83948318956732,1,0,0.976097069495295
96,2,41,1,-1.12259911707637,-0.554682904812664,-0.117968525429735,0.120544561589018,0.952103715231659,1.75399889673941,1,NA,NA,1,0,-0.410174953068394,1.83948318956732,1,0,0.976097069495295
96,2,41,1,-1.12259911707637,-0.837361952530893,-0.227192530792654,0.120544561589018,0.468081683508554,1.06361164232585,1,NA,NA,1,0,-0.410174953068394,1.83948318956732,1,0,0.976097069495295
61,3,98,1,-1.12259911707637,0.717372809919364,0.42815150138486,0.185954807303721,-0.389957372727861,0.235146937029581,1,NA,NA,1,0,-0.410174953068394,1.83948318956732,1,0,0.976097069495295
61,2,41,1,-1.09224124879596,-0.837361952530893,0.045867482614642,0.447595790162531,-0.389957372727861,-0.869472670032113,1,NA,NA,1,0,-0.317183234256313,0.470623172150991,0,1,0.253340669874868
61,2,41,2,-1.09224124879596,-0.696022428671778,-0.063356522748277,0.251365053018424,1.5241297527226,0.511301838795004,1,NA,NA,1,0,-0.317183234256313,0.470623172150991,0,1,0.253340669874868
61,2,41,1,-1.09224124879596,-0.696022428671778,-0.227192530792654,0.055134315874316,0.446080682066594,-1.28370502268025,0,NA,NA,1,0,-0.317183234256313,0.470623172150991,0,1,0.253340669874868
61,1,41,2,-1.09224124879596,-0.554682904812664,1.68422756305843,2.2790826701742,0.534084687834432,-1.97409227709381,0,NA,NA,1,0,-0.317183234256313,0.470623172150991,0,1,0.253340669874868
96,3,98,2,-1.09224124879596,0.717372809919364,1.57500355769551,1.55956996731247,1.41412474551281,1.20168909320856,1,NA,NA,1,0,-0.317183234256313,0.470623172150991,0,1,0.253340669874868
96,3,98,2,-1.09224124879596,0.293354238342021,0.482763504066318,0.447595790162531,1.08410972388342,0.511301838795004,1,NA,NA,1,0,-0.317183234256313,0.470623172150991,0,1,0.253340669874868
96,3,98,2,-1.09224124879596,1.1413913814967,0.701211514792156,0.316775298733126,1.17211372965125,1.33976654409127,1,NA,NA,1,0,-0.317183234256313,0.470623172150991,0,1,0.253340669874868
96,1,98,3,-1.09224124879596,0.858712333778476,0.26431549334048,-0.0756861755550891,0.996105718115579,1.06361164232585,1,NA,NA,1,0,-0.317183234256313,0.470623172150991,0,1,0.253340669874868
96,2,41,1,-1.03152551223513,-3.52281290585406,-2.57550864609541,-1.44930133556384,0.160067663321123,-0.0410079647358427,0,NA,NA,1,0,-0.410174953068394,0.744395175634256,0,1,0.394688075276516
96,2,41,1,-1.03152551223513,-2.67477576269938,-2.46628464073249,-1.71094231842265,0.160067663321123,-0.0410079647358427,0,NA,NA,1,0,-0.410174953068394,0.744395175634256,0,1,0.394688075276516
96,2,41,1,-1.03152551223513,-3.38147338199495,-2.41167263805103,-1.31848084413444,0.160067663321123,-0.0410079647358427,0,NA,NA,1,0,-0.410174953068394,0.744395175634256,0,1,0.394688075276516
61,2,98,3,-1.03152551223513,-1.9680781434038,-1.04637257101455,-0.337327158413899,0.160067663321123,-0.0410079647358427,0,NA,NA,1,0,-0.410174953068394,0.744395175634256,0,1,0.394688075276516
61,2,98,3,-1.03152551223513,-1.82673861954469,-1.48326859246622,-0.926019369846222,0.160067663321123,-0.0410079647358427,0,NA,NA,1,0,-0.410174953068394,0.744395175634256,0,1,0.394688075276516
61,2,98,3,-1.03152551223513,-1.82673861954469,-1.31943258442184,-0.729788632702114,0.160067663321123,-0.0410079647358427,0,NA,NA,1,0,-0.410174953068394,0.744395175634256,0,1,0.394688075276516
96,2,41,1,-1.03152551223513,-3.38147338199495,-2.90318066218417,-1.90717305556676,0.160067663321123,-0.0410079647358427,0,NA,NA,1,0,-0.410174953068394,0.744395175634256,0,1,0.394688075276516
96,3,41,1,-1.03152551223513,-0.696022428671778,1.19271953892529,1.75580070445658,0.688091697928148,-0.317162866501266,1,NA,NA,1,0,-0.410174953068394,0.744395175634256,0,1,0.394688075276516
96,3,41,1,-1.03152551223513,-0.837361952530893,0.482763504066318,0.97087775588015,0.996105718115579,0.097069486146869,1,NA,NA,1,0,-0.410174953068394,0.744395175634256,0,1,0.394688075276516
61,1,98,3,-1.03152551223513,0.576033286060249,1.13810753624383,1.10169824730955,0.512083686392473,0.925534191443139,1,NA,NA,1,0,-0.410174953068394,0.744395175634256,0,1,0.394688075276516
61,1,98,2,-1.03152551223513,0.717372809919364,1.02888353088091,0.905467510165447,-0.015940348214552,-0.179085415618554,1,NA,NA,1,0,-0.410174953068394,0.744395175634256,0,1,0.394688075276516
96,3,41,3,-1.03152551223513,-3.24013385813583,-2.68473265145833,-1.71094231842265,1.12811172676733,0.511301838795004,1,NA,NA,1,0,-0.410174953068394,0.744395175634256,0,1,0.394688075276516
96,3,41,1,-1.03152551223513,-3.38147338199495,-3.01240466754709,-2.03799354699616,0.160067663321123,0.649379289677716,1,NA,NA,1,0,-0.410174953068394,0.744395175634256,0,1,0.394688075276516
61,1,98,3,-1.03152551223513,-1.68539909568558,-1.86555261123644,-1.44930133556384,0.644089695044229,-0.593317768266689,1,NA,NA,1,0,-0.410174953068394,0.744395175634256,0,1,0.394688075276516
61,1,98,1,-1.03152551223513,-2.67477576269938,-2.46628464073249,-1.71094231842265,-0.477961378495698,-0.731395219149401,1,NA,NA,1,0,-0.410174953068394,0.744395175634256,0,1,0.394688075276516
96,1,41,1,-1.03152551223513,-0.837361952530893,0.42815150138486,0.905467510165447,0.754094702254025,-0.179085415618554,1,NA,NA,1,0,-0.410174953068394,0.744395175634256,0,1,0.394688075276516
96,3,41,1,-1.03152551223513,-0.696022428671778,0.755823517473617,1.23251873873896,0.490082684950513,-1.83601482621109,0,NA,NA,1,0,-0.410174953068394,0.744395175634256,0,1,0.394688075276516
61,3,98,1,-1.03152551223513,0.152014714482907,0.318927496021941,0.316775298733126,-0.939982408776844,-1.00755012091482,1,NA,NA,1,0,-0.410174953068394,0.744395175634256,0,1,0.394688075276516
61,3,98,2,-1.03152551223513,0.858712333778476,0.755823517473617,0.513006035877232,0.27007267053092,0.511301838795004,1,NA,NA,1,0,-0.410174953068394,0.744395175634256,0,1,0.394688075276516
96,1,41,1,-1.03152551223513,-3.38147338199495,-2.52089664341395,-1.44930133556384,-0.389957372727861,-1.00755012091482,1,NA,NA,1,0,-0.410174953068394,0.744395175634256,0,1,0.394688075276516
96,2,41,1,-1.03152551223513,-3.52281290585406,-2.57550864609541,-1.44930133556384,0.314074673414839,-0.317162866501266,1,NA,NA,1,0,-0.410174953068394,0.744395175634256,0,1,0.394688075276516
61,1,98,1,-1.03152551223513,-1.68539909568558,-2.19322462732519,-1.84176280985206,0.27007267053092,-0.317162866501266,1,NA,NA,1,0,-0.410174953068394,0.744395175634256,0,1,0.394688075276516
61,1,98,1,-1.03152551223513,-1.40272004796735,-2.35706063536957,-2.16881403842557,-1.51200844626779,-1.14562757179754,0,NA,NA,1,0,-0.410174953068394,0.744395175634256,0,1,0.394688075276516
96,2,41,1,-1.00116764395472,-3.52281290585406,-2.68473265145833,-1.58012182699325,0.160067663321123,-0.0410079647358427,0,NA,NA,1,0,-0.410174953068394,-1.71955285571513,0,1,0.587862862658768
61,2,98,2,-1.00116764395472,-2.25075719112203,-1.97477661659936,-1.31848084413444,0.160067663321123,-0.0410079647358427,0,NA,NA,1,0,-0.410174953068394,-1.71955285571513,0,1,0.587862862658768
96,2,41,1,-1.00116764395472,-0.130664333235322,0.865047522836536,1.10169824730955,0.160067663321123,-0.0410079647358427,0,NA,NA,1,0,-0.410174953068394,-1.71955285571513,0,1,0.587862862658768
61,2,98,2,-1.00116764395472,0.576033286060249,0.755823517473617,0.643826527306637,0.160067663321123,-0.0410079647358427,0,NA,NA,1,0,-0.410174953068394,-1.71955285571513,0,1,0.587862862658768
96,3,41,1,-1.00116764395472,-0.978701476390007,0.155091487977561,0.643826527306637,0.182068664763083,-1.00755012091482,1,NA,NA,1,0,-0.410174953068394,-1.71955285571513,0,1,0.587862862658768
61,3,98,1,-1.00116764395472,0.717372809919364,0.318927496021941,0.055134315874316,0.776095703695985,-1.28370502268025,1,NA,NA,1,0,-0.410174953068394,-1.71955285571513,0,1,0.587862862658768
96,2,41,1,-1.00116764395472,-0.130664333235322,0.591987509429237,0.774647018736042,0.446080682066594,-1.00755012091482,1,NA,NA,1,0,-0.410174953068394,-1.71955285571513,0,1,0.587862862658768
61,2,98,1,-1.00116764395472,0.434693762201135,0.755823517473617,0.70923677302134,0.57808669071835,-0.593317768266689,1,NA,NA,1,0,-0.410174953068394,-1.71955285571513,0,1,0.587862862658768
96,2,41,1,-1.00116764395472,-3.24013385813583,-2.84856865950271,-1.90717305556676,0.996105718115579,1.06361164232585,1,NA,NA,1,0,-0.410174953068394,-1.71955285571513,0,1,0.587862862658768
61,2,98,1,-1.00116764395472,-1.9680781434038,-2.19322462732519,-1.71094231842265,0.380077677740717,1.20168909320856,1,NA,NA,1,0,-0.410174953068394,-1.71955285571513,0,1,0.587862862658768
61,1,58,3,-1.00116764395472,0.717372809919364,0.865047522836536,0.70923677302134,-0.169947358308267,-0.0410079647358427,1,NA,NA,1,0,-0.410174953068394,-1.71955285571513,0,1,0.587862862658768
61,1,58,2,-1.00116764395472,0.434693762201135,0.26431549334048,0.120544561589018,0.952103715231659,1.06361164232585,1,NA,NA,1,0,-0.410174953068394,-1.71955285571513,0,1,0.587862862658768
61,1,58,1,-1.00116764395472,0.858712333778476,1.02888353088091,0.840057264450745,-0.015940348214552,-0.0410079647358427,1,NA,NA,1,0,-0.410174953068394,-1.71955285571513,0,1,0.587862862658768
61,1,58,3,-1.00116764395472,0.717372809919364,0.646599512110698,0.447595790162531,0.446080682066594,0.235146937029581,1,NA,NA,1,0,-0.410174953068394,-1.71955285571513,0,1,0.587862862658768
61,2,58,1,-1.00116764395472,0.434693762201135,0.42815150138486,0.316775298733126,1.72213876570024,1.20168909320856,1,NA,NA,1,0,-0.410174953068394,-1.71955285571513,0,1,0.587862862658768
61,1,58,1,-1.00116764395472,0.293354238342021,0.482763504066318,0.447595790162531,1.41412474551281,1.47784399497399,1,NA,NA,1,0,-0.410174953068394,-1.71955285571513,0,1,0.587862862658768
96,2,41,1,-0.940451907393888,-0.554682904812664,-0.117968525429735,0.120544561589018,0.9301027137897,1.20168909320856,1,NA,NA,1,0,-0.410174953068394,-1.44578085223187,0,1,0.862076829137966
61,2,58,2,-0.940451907393888,0.858712333778476,-0.063356522748277,-0.468147649843304,1.87614577579395,0.511301838795004,1,NA,NA,1,0,-0.410174953068394,-1.44578085223187,0,1,0.862076829137966
96,2,41,1,-0.940451907393888,-0.978701476390007,0.646599512110698,1.23251873873896,0.24807166908896,-0.455240317383978,1,NA,NA,1,0,-0.410174953068394,-1.44578085223187,0,1,0.862076829137966
96,3,41,1,-0.940451907393888,-2.10941766726292,-2.08400062196228,-1.51471158127854,0.644089695044229,1.33976654409127,1,NA,NA,1,0,-0.410174953068394,-1.44578085223187,0,1,0.862076829137966
61,3,58,3,-0.940451907393888,0.434693762201135,0.810435520155075,0.774647018736042,0.160067663321123,0.511301838795004,1,NA,NA,1,0,-0.410174953068394,-1.44578085223187,0,1,0.862076829137966
96,2,41,2,-0.940451907393888,-0.554682904812664,0.482763504066318,0.840057264450745,-1.26999743040623,0.649379289677716,1,NA,NA,1,0,-0.410174953068394,-1.44578085223187,0,1,0.862076829137966
61,1,98,3,-0.940451907393888,0.293354238342021,0.865047522836536,0.905467510165447,-1.40200343905799,-0.179085415618554,1,NA,NA,1,0,-0.410174953068394,-1.44578085223187,0,1,0.862076829137966
61,1,58,3,-0.910094039113474,1.28273090535582,0.755823517473617,0.316775298733126,-0.587966385705495,-1.14562757179754,0,NA,NA,1,0,-0.0149601481170495,0.744395175634256,0,1,0.917673475262613
61,1,58,1,-0.910094039113474,0.858712333778476,-0.172580528111196,-0.598968141272709,0.644089695044229,-0.869472670032113,1,NA,NA,1,0,-0.0149601481170495,0.744395175634256,0,1,0.917673475262613
61,2,58,2,-0.910094039113474,0.293354238342021,0.537375506747779,0.513006035877232,-0.76397439724117,0.649379289677716,1,NA,NA,1,0,-0.0149601481170495,0.744395175634256,0,1,0.917673475262613
61,2,58,3,-0.910094039113474,0.717372809919364,0.919659525517994,0.774647018736042,0.160067663321123,-0.0410079647358427,0,NA,NA,1,0,-0.0149601481170495,0.744395175634256,0,1,0.917673475262613
96,2,41,1,-0.910094039113474,-0.978701476390007,0.373539498703399,0.905467510165447,-1.75401946212934,1.20168909320856,1,NA,NA,1,0,-0.0149601481170495,0.744395175634256,0,1,0.917673475262613
61,2,98,2,-0.910094039113474,0.717372809919364,0.318927496021941,0.055134315874316,0.27007267053092,0.511301838795004,1,NA,NA,1,0,-0.0149601481170495,0.744395175634256,0,1,0.917673475262613
96,3,41,1,-0.910094039113474,-0.978701476390007,-0.336416536155573,0.055134315874316,1.34812174118693,-2.11216972797652,0,NA,NA,1,0,-0.0149601481170495,0.744395175634256,0,1,0.917673475262613
61,3,98,2,-0.910094039113474,0.293354238342021,1.02888353088091,1.10169824730955,0.446080682066594,-1.28370502268025,1,NA,NA,1,0,-0.0149601481170495,0.744395175634256,0,1,0.917673475262613
96,2,41,1,-0.910094039113474,-3.66415242971317,-3.06701667022855,-1.97258330128146,-1.42400444049995,-0.0410079647358427,1,NA,NA,1,0,-0.0149601481170495,0.744395175634256,0,1,0.917673475262613
61,2,98,2,-0.910094039113474,-1.82673861954469,-1.53788059514768,-0.991429615560924,-0.851978403009007,0.097069486146869,1,NA,NA,1,0,-0.0149601481170495,0.744395175634256,0,1,0.917673475262613
61,3,98,1,-0.910094039113474,-2.81611528655849,-2.73934465413979,-1.97258330128146,0.160067663321123,2.30630870027026,1,NA,NA,1,0,-0.0149601481170495,0.744395175634256,0,1,0.917673475262613
61,3,58,3,-0.819020434272233,0.293354238342021,-0.172580528111196,-0.337327158413899,-0.169947358308267,0.097069486146869,1,NA,NA,1,0,0.287262938022214,1.29193918260079,0,1,0.16853222663388
96,2,41,3,-0.78866256599182,-0.554682904812664,0.100479485296103,0.382185544447829,-0.587966385705495,0.649379289677716,1,NA,NA,1,0,-0.410174953068394,0.470623172150991,0,1,-0.292260314975494
96,2,41,1,-0.78866256599182,-1.12004100024912,-0.172580528111196,0.120544561589018,1.48012774983868,2.03015379850483,1,NA,NA,1,0,-0.410174953068394,0.470623172150991,0,1,-0.292260314975494
96,2,41,1,-0.78866256599182,-0.554682904812664,-0.117968525429735,0.382185544447829,2.09615579021355,2.16823124938754,1,NA,NA,1,0,-0.410174953068394,0.470623172150991,0,1,-0.292260314975494
96,3,41,2,-0.78866256599182,-0.554682904812664,0.100479485296103,-0.141096421269792,-2.15003748808461,-1.55985992444567,0,NA,NA,1,0,-0.410174953068394,0.470623172150991,0,1,-0.292260314975494
61,1,58,1,-0.78866256599182,0.717372809919364,0.155091487977561,-0.0102759298403866,0.446080682066594,1.33976654409127,1,NA,NA,1,0,-0.410174953068394,0.470623172150991,0,1,-0.292260314975494
61,1,58,3,-0.78866256599182,-0.130664333235322,-0.063356522748277,-0.0102759298403866,0.0500626561113266,1.6159214458567,1,NA,NA,1,0,-0.410174953068394,0.470623172150991,0,1,-0.292260314975494
61,2,58,2,-0.78866256599182,0.858712333778476,0.318927496021941,0.055134315874316,0.160067663321123,-0.0410079647358427,0,NA,NA,1,0,-0.410174953068394,0.470623172150991,0,1,-0.292260314975494
61,2,58,2,-0.78866256599182,0.293354238342021,0.155091487977561,0.055134315874316,-1.0719884174286,0.787456740560427,1,NA,NA,1,0,-0.410174953068394,0.470623172150991,0,1,-0.292260314975494
96,1,41,1,-0.667231092870165,-1.26138052410823,-0.336416536155573,0.185954807303721,-1.26999743040623,-0.317162866501266,1,NA,NA,1,0,-0.410174953068394,-0.898236845265336,0,1,0.693402258691999
96,3,41,1,-0.667231092870165,-0.696022428671778,-0.00874452006681625,-0.533557895558007,-1.13799142175448,-0.455240317383978,1,NA,NA,1,0,-0.410174953068394,-0.898236845265336,0,1,0.693402258691999
96,2,41,1,-0.667231092870165,-1.26138052410823,-0.172580528111196,-0.141096421269792,0.996105718115579,0.649379289677716,1,NA,NA,1,0,-0.410174953068394,-0.898236845265336,0,1,0.693402258691999
61,2,98,1,-0.667231092870165,1.1413913814967,0.373539498703399,0.905467510165447,0.0500626561113266,0.787456740560427,1,NA,NA,1,0,-0.410174953068394,-0.898236845265336,0,1,0.693402258691999
61,1,98,2,-0.667231092870165,-0.130664333235322,-0.00874452006681625,0.055134315874316,0.0500626561113266,1.20168909320856,1,NA,NA,1,0,-0.410174953068394,-0.898236845265336,0,1,0.693402258691999
96,2,41,2,-0.667231092870165,-0.978701476390007,0.318927496021941,0.643826527306637,-0.939982408776844,-0.455240317383978,1,NA,NA,1,0,-0.410174953068394,-0.898236845265336,0,1,0.693402258691999
96,2,41,3,-0.667231092870165,-0.130664333235322,-0.117968525429735,-0.271916912699197,0.534084687834432,0.373224387912292,1,NA,NA,1,0,-0.410174953068394,-0.898236845265336,0,1,0.693402258691999
96,3,41,2,-0.667231092870165,-0.554682904812664,0.318927496021941,0.251365053018424,1.41412474551281,0.511301838795004,1,NA,NA,1,0,-0.410174953068394,-0.898236845265336,0,1,0.693402258691999
61,2,98,2,-0.667231092870165,0.293354238342021,0.701211514792156,0.70923677302134,0.0940646589952453,-0.455240317383978,1,NA,NA,1,0,-0.410174953068394,-0.898236845265336,0,1,0.693402258691999
61,3,98,1,-0.667231092870165,0.293354238342021,0.155091487977561,0.055134315874316,0.996105718115579,0.235146937029581,1,NA,NA,1,0,-0.410174953068394,-0.898236845265336,0,1,0.693402258691999
61,2,58,3,-0.636873224589751,0.717372809919364,0.209703490659022,-0.0756861755550891,-1.33600043473211,-1.42178247356296,0,NA,NA,1,0,-0.410174953068394,-1.44578085223187,0,1,1.05054003634016
61,1,58,3,-0.636873224589751,0.293354238342021,-0.00874452006681625,-0.141096421269792,-0.301953366960023,-0.455240317383978,1,NA,NA,1,0,-0.410174953068394,-1.44578085223187,0,1,1.05054003634016
61,2,58,2,-0.636873224589751,0.293354238342021,0.318927496021941,0.251365053018424,0.666090696486188,0.235146937029581,1,NA,NA,1,0,-0.410174953068394,-1.44578085223187,0,1,1.05054003634016
61,2,58,3,-0.636873224589751,0.717372809919364,-0.500252544199952,-0.926019369846222,-0.829977401567047,-0.0410079647358427,1,NA,NA,1,0,-0.410174953068394,-1.44578085223187,0,1,1.05054003634016
61,1,58,1,-0.636873224589751,0.152014714482907,-0.281804533474115,-0.402737404128602,0.292073671972879,0.511301838795004,1,NA,NA,1,0,-0.410174953068394,-1.44578085223187,0,1,1.05054003634016
61,3,58,3,-0.636873224589751,-0.130664333235322,-0.500252544199952,-0.533557895558007,-0.169947358308267,-0.0410079647358427,1,NA,NA,1,0,-0.410174953068394,-1.44578085223187,0,1,1.05054003634016
61,2,58,2,-0.636873224589751,-0.130664333235322,-0.937148565651628,-1.05683986127563,0.0500626561113266,-0.179085415618554,1,NA,NA,1,0,-0.410174953068394,-1.44578085223187,0,1,1.05054003634016
61,2,58,1,-0.636873224589751,0.293354238342021,-1.100984573696,-1.44930133556384,0.160067663321123,-0.731395219149401,1,NA,NA,1,0,-0.410174953068394,-1.44578085223187,0,1,1.05054003634016
61,3,58,1,-0.636873224589751,0.0106751906237926,-1.15559657637746,-1.38389108984914,-1.38000243761603,0.373224387912292,1,NA,NA,1,0,-0.410174953068394,-1.44578085223187,0,1,1.05054003634016
61,3,58,1,-0.636873224589751,0.152014714482907,-1.15559657637746,-1.44930133556384,-0.499962379937657,-0.179085415618554,1,NA,NA,1,0,-0.410174953068394,-1.44578085223187,0,1,1.05054003634016
61,2,58,2,-0.636873224589751,0.293354238342021,-1.3740445871033,-1.77635256413735,0.160067663321123,-0.0410079647358427,0,NA,NA,1,0,-0.410174953068394,-1.44578085223187,0,1,1.05054003634016
61,2,58,2,-0.54579961974851,0.152014714482907,-0.336416536155573,-0.729788632702114,-0.235950362634145,-1.28370502268025,0,NA,NA,1,0,-0.410174953068394,-0.898236845265336,0,1,1.43594729506866
61,1,58,2,-0.54579961974851,0.293354238342021,-0.336416536155573,-0.533557895558007,0.732093700812066,0.925534191443139,1,NA,NA,1,0,-0.410174953068394,-0.898236845265336,0,1,1.43594729506866
61,2,58,1,-0.54579961974851,0.434693762201135,-0.609476549562871,-1.05683986127563,0.314074673414839,0.649379289677716,1,NA,NA,1,0,-0.410174953068394,-0.898236845265336,0,1,1.43594729506866
61,1,58,1,-0.54579961974851,0.293354238342021,-0.554864546881411,-0.729788632702114,0.24807166908896,1.20168909320856,1,NA,NA,1,0,-0.410174953068394,-0.898236845265336,0,1,1.43594729506866
61,2,58,2,-0.54579961974851,0.434693762201135,0.701211514792156,0.70923677302134,0.9301027137897,1.06361164232585,1,NA,NA,1,0,-0.410174953068394,-0.898236845265336,0,1,1.43594729506866
61,1,58,2,-0.54579961974851,-0.130664333235322,0.209703490659022,0.055134315874316,0.864099709463823,1.06361164232585,1,NA,NA,1,0,-0.410174953068394,-0.898236845265336,0,1,1.43594729506866
61,1,58,1,-0.54579961974851,0.858712333778476,-0.500252544199952,-0.729788632702114,0.864099709463823,-0.317162866501266,1,NA,NA,1,0,-0.410174953068394,-0.898236845265336,0,1,1.43594729506866
61,2,58,1,-0.54579961974851,-0.130664333235322,-0.336416536155573,-0.598968141272709,-0.0379413496565109,0.511301838795004,1,NA,NA,1,0,-0.410174953068394,-0.898236845265336,0,1,1.43594729506866
61,1,58,1,-0.54579961974851,0.293354238342021,-0.281804533474115,-0.271916912699197,0.0500626561113266,0.511301838795004,1,NA,NA,1,0,-0.410174953068394,-0.898236845265336,0,1,1.43594729506866
61,2,58,1,-0.54579961974851,0.0106751906237926,-0.00874452006681625,-0.402737404128602,0.996105718115579,0.511301838795004,1,NA,NA,1,0,-0.410174953068394,-0.898236845265336,0,1,1.43594729506866
61,2,58,2,-0.54579961974851,0.293354238342021,0.318927496021941,0.447595790162531,-0.213949361192186,-0.0410079647358427,1,NA,NA,1,0,-0.410174953068394,-0.898236845265336,0,1,1.43594729506866
61,2,41,3,-0.363652410066028,0.576033286060249,0.209703490659022,-0.0102759298403866,-0.851978403009007,-0.0410079647358427,1,NA,NA,1,0,-0.410174953068394,-0.898236845265336,0,1,-0.22158661227467
61,3,41,1,-0.363652410066028,-0.41334338095355,-0.172580528111196,-0.0102759298403866,0.57808669071835,0.235146937029581,1,NA,NA,1,0,-0.410174953068394,-0.898236845265336,0,1,-0.22158661227467
61,2,98,1,-0.363652410066028,0.717372809919364,-0.172580528111196,-0.533557895558007,0.9301027137897,0.511301838795004,1,NA,NA,1,0,-0.410174953068394,-0.898236845265336,0,1,-0.22158661227467
61,2,41,3,-0.363652410066028,-0.554682904812664,-0.391028538837033,-0.206506666984494,-3.03007754576298,0.373224387912292,1,NA,NA,1,0,-0.410174953068394,-0.898236845265336,0,1,-0.22158661227467
96,1,98,2,-0.363652410066028,0.717372809919364,0.701211514792156,0.513006035877232,-0.609967387147454,2.58246360203568,1,NA,NA,1,0,-0.410174953068394,-0.898236845265336,0,1,-0.22158661227467
61,2,58,1,-0.333294541785614,0.434693762201135,-0.172580528111196,-0.402737404128602,0.160067663321123,-0.0410079647358427,0,NA,NA,1,0,-0.410174953068394,-0.898236845265336,0,1,0.202455603930275
61,1,58,1,-0.333294541785614,0.717372809919364,-0.882536562970168,-1.38389108984914,-1.46800644338387,0.097069486146869,1,NA,NA,1,0,-0.410174953068394,-0.898236845265336,0,1,0.202455603930275
61,2,58,1,-0.333294541785614,0.576033286060249,-0.281804533474115,-0.598968141272709,0.57808669071835,-0.593317768266689,1,NA,NA,1,0,-0.410174953068394,-0.898236845265336,0,1,0.202455603930275
61,3,58,2,-0.333294541785614,1.1413913814967,-0.172580528111196,-0.729788632702114,-0.851978403009007,0.373224387912292,1,NA,NA,1,0,-0.410174953068394,-0.898236845265336,0,1,0.202455603930275
61,1,58,2,-0.333294541785614,1.1413913814967,0.155091487977561,-0.337327158413899,-1.26999743040623,0.787456740560427,1,NA,NA,1,0,-0.410174953068394,-0.898236845265336,0,1,0.202455603930275
61,1,58,2,-0.333294541785614,1.28273090535582,0.155091487977561,-0.402737404128602,-1.04998741598664,-1.55985992444567,0,NA,NA,1,0,-0.410174953068394,-0.898236845265336,0,1,0.202455603930275
61,2,58,3,-0.333294541785614,0.717372809919364,0.755823517473617,0.578416281591935,0.160067663321123,-0.0410079647358427,0,NA,NA,1,0,-0.410174953068394,-0.898236845265336,0,1,0.202455603930275
61,2,41,1,-0.151147332103132,-0.978701476390007,-0.500252544199952,-0.141096421269792,0.446080682066594,1.06361164232585,1,NA,NA,1,0,-0.410174953068394,-1.44578085223187,0,1,0.300456471675417
61,2,58,2,-0.151147332103132,0.293354238342021,-0.500252544199952,-0.729788632702114,0.160067663321123,-0.0410079647358427,0,NA,NA,1,0,-0.410174953068394,-1.44578085223187,0,1,0.300456471675417
61,2,41,1,-0.151147332103132,-0.554682904812664,-0.66408855224433,-0.533557895558007,-0.0599423510984707,0.235146937029581,1,NA,NA,1,0,-0.410174953068394,-1.44578085223187,0,1,0.300456471675417
61,3,58,2,-0.151147332103132,-0.272003857094436,-0.117968525429735,-0.0102759298403866,0.732093700812066,1.47784399497399,1,NA,NA,1,0,-0.410174953068394,-1.44578085223187,0,1,0.300456471675417
61,3,41,2,-0.151147332103132,-0.554682904812664,-0.00874452006681625,0.251365053018424,0.160067663321123,1.06361164232585,1,NA,NA,1,0,-0.410174953068394,-1.44578085223187,0,1,0.300456471675417
61,1,58,3,-0.151147332103132,1.28273090535582,1.02888353088091,0.643826527306637,0.314074673414839,1.06361164232585,1,NA,NA,1,0,-0.410174953068394,-1.44578085223187,0,1,0.300456471675417
61,3,41,2,-0.151147332103132,-0.41334338095355,-0.500252544199952,-0.402737404128602,-0.543964382821576,-1.00755012091482,1,NA,NA,1,0,-0.410174953068394,-1.44578085223187,0,1,0.300456471675417
61,3,58,2,-0.151147332103132,0.434693762201135,-0.391028538837033,-0.664378386987412,-0.015940348214552,-1.28370502268025,1,NA,NA,1,0,-0.410174953068394,-1.44578085223187,0,1,0.300456471675417
61,3,41,1,0.0613577458597632,-1.26138052410823,-0.66408855224433,-0.206506666984494,-1.20399442608036,0.235146937029581,1,NA,NA,1,0,-0.410174953068394,-0.07692083481554,0,1,0.406938183744658
61,1,58,3,0.0613577458597632,0.0106751906237926,-0.827924560288709,-0.991429615560924,-1.64401445491954,-0.0410079647358427,1,NA,NA,1,0,-0.410174953068394,-0.07692083481554,0,1,0.406938183744658
61,3,41,1,0.0613577458597632,-0.978701476390007,-0.500252544199952,-0.141096421269792,1.17211372965125,0.511301838795004,1,NA,NA,1,0,-0.410174953068394,-0.07692083481554,0,1,0.406938183744658
61,1,58,2,0.0613577458597632,-0.272003857094436,-0.66408855224433,-0.664378386987412,-0.169947358308267,0.373224387912292,1,NA,NA,1,0,-0.410174953068394,-0.07692083481554,0,1,0.406938183744658
61,2,41,2,0.0613577458597632,-0.837361952530893,-0.500252544199952,-0.0102759298403866,-1.13799142175448,1.06361164232585,1,NA,NA,1,0,-0.410174953068394,-0.07692083481554,0,1,0.406938183744658
61,3,58,2,0.0613577458597632,-0.130664333235322,0.26431549334048,0.316775298733126,0.27007267053092,0.235146937029581,1,NA,NA,1,0,-0.410174953068394,-0.07692083481554,0,1,0.406938183744658
61,2,41,1,0.0613577458597632,-1.54405957182646,0.209703490659022,0.70923677302134,0.160067663321123,-0.593317768266689,1,NA,NA,1,0,-0.410174953068394,-0.07692083481554,0,1,0.406938183744658
61,3,58,1,0.0613577458597632,-0.272003857094436,0.42815150138486,0.643826527306637,0.160067663321123,-1.28370502268025,1,NA,NA,1,0,-0.410174953068394,-0.07692083481554,0,1,0.406938183744658
96,2,58,2,0.273862823822659,0.434693762201135,-0.172580528111196,-0.402737404128602,0.160067663321123,-0.0410079647358427,0,NA,NA,1,0,3.19325415089975,0.470623172150991,0,1,0.253340669874868
96,2,58,2,0.273862823822659,0.576033286060249,-0.00874452006681625,-0.271916912699197,0.160067663321123,-0.0410079647358427,0,NA,NA,1,0,3.19325415089975,0.470623172150991,0,1,0.253340669874868
96,2,58,2,0.273862823822659,0.293354238342021,0.810435520155075,0.840057264450745,0.160067663321123,-0.0410079647358427,0,NA,NA,1,0,3.19325415089975,0.470623172150991,0,1,0.253340669874868
61,2,44,2,0.273862823822659,0.434693762201135,-0.00874452006681625,-0.206506666984494,0.160067663321123,-0.0410079647358427,0,NA,NA,1,0,3.19325415089975,0.470623172150991,0,1,0.253340669874868
61,2,44,2,0.273862823822659,0.293354238342021,-0.00874452006681625,-0.141096421269792,0.160067663321123,-0.0410079647358427,0,NA,NA,1,0,3.19325415089975,0.470623172150991,0,1,0.253340669874868
96,2,58,2,0.273862823822659,0.717372809919364,0.155091487977561,-0.141096421269792,0.160067663321123,-0.0410079647358427,0,NA,NA,1,0,3.19325415089975,0.470623172150991,0,1,0.253340669874868
96,2,58,2,0.273862823822659,0.576033286060249,0.537375506747779,0.382185544447829,0.160067663321123,-0.0410079647358427,0,NA,NA,1,0,3.19325415089975,0.470623172150991,0,1,0.253340669874868
96,2,58,2,0.273862823822659,1.28273090535582,0.537375506747779,0.055134315874316,0.24807166908896,-0.455240317383978,1,NA,NA,1,0,3.19325415089975,0.470623172150991,0,1,0.253340669874868
61,2,44,2,0.273862823822659,0.576033286060249,0.045867482614642,-0.206506666984494,0.446080682066594,0.511301838795004,1,NA,NA,1,0,3.19325415089975,0.470623172150991,0,1,0.253340669874868
61,2,44,2,0.273862823822659,0.717372809919364,0.810435520155075,0.643826527306637,0.160067663321123,-0.0410079647358427,0,NA,NA,1,0,3.19325415089975,0.470623172150991,0,1,0.253340669874868
96,3,58,2,0.547083638346382,0.576033286060249,0.810435520155075,0.70923677302134,0.9301027137897,-1.14562757179754,1,NA,NA,1,0,-0.410174953068394,-1.44578085223187,0,1,-0.268702414075219
96,2,58,2,0.547083638346382,1.1413913814967,0.919659525517994,0.578416281591935,0.380077677740717,-0.0410079647358427,1,NA,NA,1,0,-0.410174953068394,-1.44578085223187,0,1,-0.268702414075219
96,1,58,2,0.547083638346382,0.576033286060249,2.17573558719156,2.3444929158889,-0.939982408776844,0.787456740560427,1,NA,NA,1,0,-0.410174953068394,-1.44578085223187,0,1,-0.268702414075219
61,2,44,1,0.547083638346382,0.293354238342021,0.701211514792156,0.70923677302134,0.380077677740717,-2.25024717885923,0,NA,NA,1,0,-0.410174953068394,-1.44578085223187,0,1,-0.268702414075219
61,3,44,3,0.547083638346382,1.1413913814967,1.57500355769551,1.36333923016837,-1.40200343905799,1.75399889673941,1,NA,NA,1,0,-0.410174953068394,-1.44578085223187,0,1,-0.268702414075219
96,2,58,2,0.547083638346382,0.858712333778476,0.865047522836536,0.643826527306637,-0.0379413496565109,0.925534191443139,1,NA,NA,1,0,-0.410174953068394,-1.44578085223187,0,1,-0.268702414075219
96,2,58,1,0.547083638346382,0.434693762201135,-0.117968525429735,-0.337327158413899,0.116065660437204,0.787456740560427,1,NA,NA,1,0,-0.410174953068394,-1.44578085223187,0,1,-0.268702414075219
96,3,58,3,0.547083638346382,1.42407042921493,1.41116754965113,1.03628800159485,1.06210872244146,-0.0410079647358427,1,NA,NA,1,0,-0.410174953068394,-1.44578085223187,0,1,-0.268702414075219
61,1,44,2,0.547083638346382,0.434693762201135,0.865047522836536,0.840057264450745,-1.00598541310272,-2.25024717885923,0,NA,NA,1,0,-0.410174953068394,-1.44578085223187,0,1,-0.268702414075219
61,1,44,1,0.547083638346382,0.293354238342021,0.318927496021941,0.251365053018424,0.798096705137944,0.097069486146869,1,NA,NA,1,0,-0.410174953068394,-1.44578085223187,0,1,-0.268702414075219
61,1,58,3,0.638157243187623,1.1413913814967,-0.281804533474115,-0.860609124131519,-2.26004249529441,1.20168909320856,1,NA,NA,1,0,-0.410174953068394,2.66079920001711,0,1,0.349456905547988
61,2,58,1,0.638157243187623,0.293354238342021,-0.66408855224433,-0.926019369846222,0.160067663321123,-0.0410079647358427,0,NA,NA,1,0,-0.410174953068394,2.66079920001711,0,1,0.349456905547988
61,2,58,2,0.638157243187623,0.576033286060249,-1.3740445871033,-1.90717305556676,0.160067663321123,-0.0410079647358427,0,NA,NA,1,0,-0.410174953068394,2.66079920001711,0,1,0.349456905547988
61,2,58,2,0.638157243187623,0.717372809919364,-1.3740445871033,-1.97258330128146,-0.719972394357251,-2.11216972797652,0,NA,NA,1,0,-0.410174953068394,2.66079920001711,0,1,0.349456905547988
61,2,58,2,0.69887297974845,0.293354238342021,-0.00874452006681625,-0.141096421269792,-0.499962379937657,-0.317162866501266,1,NA,NA,1,0,-0.410174953068394,0.470623172150991,0,1,-1.02255524288401
61,1,58,2,0.69887297974845,1.1413913814967,1.35655554696967,1.10169824730955,0.9301027137897,-0.179085415618554,1,NA,NA,1,0,-0.410174953068394,0.470623172150991,0,1,-1.02255524288401
61,1,58,2,0.69887297974845,0.434693762201135,0.045867482614642,-0.141096421269792,0.512083686392473,-0.179085415618554,1,NA,NA,1,0,-0.410174953068394,0.470623172150991,0,1,-1.02255524288401
61,1,58,2,0.69887297974845,-0.554682904812664,0.155091487977561,0.447595790162531,0.380077677740717,0.511301838795004,1,NA,NA,1,0,-0.410174953068394,0.470623172150991,0,1,-1.02255524288401
61,1,58,1,0.69887297974845,-0.130664333235322,0.865047522836536,1.10169824730955,1.06210872244146,-0.593317768266689,1,NA,NA,1,0,-0.410174953068394,0.470623172150991,0,1,-1.02255524288401
61,1,58,1,0.729230848028864,1.1413913814967,-1.21020857905892,-1.97258330128146,-1.33600043473211,-0.593317768266689,1,NA,NA,1,0,-0.410174953068394,0.196851168667725,0,1,-1.08474810126073
61,1,58,1,0.729230848028864,0.717372809919364,-1.26482058174038,-1.90717305556676,-0.389957372727861,-0.869472670032113,1,NA,NA,1,0,-0.410174953068394,0.196851168667725,0,1,-1.08474810126073
61,2,58,1,0.729230848028864,0.293354238342021,-0.336416536155573,-0.533557895558007,-0.169947358308267,0.925534191443139,1,NA,NA,1,0,-0.410174953068394,0.196851168667725,0,1,-1.08474810126073
61,1,58,2,0.729230848028864,1.1413913814967,-1.15559657637746,-1.90717305556676,0.864099709463823,0.235146937029581,1,NA,NA,1,0,-0.410174953068394,0.196851168667725,0,1,-1.08474810126073
61,2,58,2,0.911378057711346,0.576033286060249,0.318927496021941,0.120544561589018,0.160067663321123,-0.0410079647358427,0,NA,NA,1,0,-0.177695656038192,0.744395175634256,0,1,-1.94508264213876
61,2,58,1,0.911378057711346,0.576033286060249,0.482763504066318,0.316775298733126,0.160067663321123,-0.0410079647358427,0,NA,NA,1,0,-0.177695656038192,0.744395175634256,0,1,-1.94508264213876
61,2,58,1,0.911378057711346,0.152014714482907,0.318927496021941,0.316775298733126,0.160067663321123,0.097069486146869,1,NA,NA,1,0,-0.177695656038192,0.744395175634256,0,1,-1.94508264213876
61,2,44,2,0.911378057711346,-0.130664333235322,0.373539498703399,0.513006035877232,0.160067663321123,-0.0410079647358427,0,NA,NA,1,0,-0.177695656038192,0.744395175634256,0,1,-1.94508264213876
61,2,44,1,0.911378057711346,0.0106751906237926,0.373539498703399,0.97087775588015,0.160067663321123,-0.0410079647358427,0,NA,NA,1,0,-0.177695656038192,0.744395175634256,0,1,-1.94508264213876
61,2,58,1,0.911378057711346,0.717372809919364,0.42815150138486,0.185954807303721,0.160067663321123,-0.0410079647358427,0,NA,NA,1,0,-0.177695656038192,0.744395175634256,0,1,-1.94508264213876
61,1,58,2,0.911378057711346,1.1413913814967,1.52039155501405,1.29792898445366,-0.917981407334884,0.925534191443139,1,NA,NA,1,0,-0.177695656038192,0.744395175634256,0,1,-1.94508264213876
61,2,58,1,0.911378057711346,0.717372809919364,1.68422756305843,1.69039045874188,0.314074673414839,1.20168909320856,1,NA,NA,1,0,-0.177695656038192,0.744395175634256,0,1,-1.94508264213876
61,1,44,2,0.911378057711346,0.434693762201135,0.810435520155075,0.774647018736042,-1.49000744482583,-0.731395219149401,1,NA,NA,1,0,-0.177695656038192,0.744395175634256,0,1,-1.94508264213876
61,2,44,3,0.911378057711346,1.42407042921493,2.94030362473199,2.86777488160652,0.27007267053092,0.925534191443139,1,NA,NA,1,0,-0.177695656038192,0.744395175634256,0,1,-1.94508264213876
61,2,58,2,0.94173592599176,1.1413913814967,-0.00874452006681625,-0.533557895558007,0.160067663321123,-0.0410079647358427,0,NA,NA,1,0,0.612733953864498,0.470623172150991,0,1,-1.82729313763739
61,1,58,1,0.94173592599176,0.293354238342021,-1.21020857905892,-1.58012182699325,-2.01803147943285,0.097069486146869,1,NA,NA,1,0,0.612733953864498,0.470623172150991,0,1,-1.82729313763739
61,2,58,2,0.94173592599176,0.717372809919364,-0.117968525429735,-0.468147649843304,0.160067663321123,-0.0410079647358427,0,NA,NA,1,0,0.612733953864498,0.470623172150991,0,1,-1.82729313763739
61,1,58,3,0.94173592599176,1.28273090535582,0.155091487977561,-0.402737404128602,-1.20399442608036,0.235146937029581,1,NA,NA,1,0,0.612733953864498,0.470623172150991,0,1,-1.82729313763739
61,1,58,1,0.94173592599176,0.717372809919364,0.701211514792156,0.513006035877232,-0.169947358308267,-1.28370502268025,0,NA,NA,1,0,0.612733953864498,0.470623172150991,0,1,-1.82729313763739
61,1,58,2,0.94173592599176,0.858712333778476,0.045867482614642,-0.337327158413899,-0.653969390031373,-1.28370502268025,0,NA,NA,1,0,0.612733953864498,0.470623172150991,0,1,-1.82729313763739
61,1,58,3,0.94173592599176,1.28273090535582,-0.172580528111196,-0.795198878416817,0.864099709463823,-1.42178247356296,0,NA,NA,1,0,0.612733953864498,0.470623172150991,0,1,-1.82729313763739
61,1,58,2,0.94173592599176,1.28273090535582,-1.04637257101455,-1.84176280985206,1.61213375849044,-0.455240317383978,1,NA,NA,1,0,0.612733953864498,0.470623172150991,0,1,-1.82729313763739
61,1,58,2,1.12388313567424,0.293354238342021,0.482763504066318,0.447595790162531,0.710092699370107,0.511301838795004,1,NA,NA,1,0,-0.410174953068394,0.196851168667725,0,1,-0.209336503806527
61,3,58,1,1.12388313567424,0.858712333778476,0.155091487977561,-0.206506666984494,0.380077677740717,-0.179085415618554,1,NA,NA,1,0,-0.410174953068394,0.196851168667725,0,1,-0.209336503806527
61,1,58,2,1.12388313567424,0.717372809919364,1.35655554696967,1.29792898445366,-0.653969390031373,-0.869472670032113,1,NA,NA,1,0,-0.410174953068394,0.196851168667725,0,1,-0.209336503806527
61,1,58,1,1.12388313567424,-0.130664333235322,0.537375506747779,0.70923677302134,0.380077677740717,-1.14562757179754,0,NA,NA,1,0,-0.410174953068394,0.196851168667725,0,1,-0.209336503806527
61,2,58,2,1.12388313567424,0.0106751906237926,1.02888353088091,1.23251873873896,0.996105718115579,-0.731395219149401,1,NA,NA,1,0,-0.410174953068394,0.196851168667725,0,1,-0.209336503806527
61,3,58,2,1.12388313567424,0.717372809919364,1.68422756305843,1.69039045874188,1.39212374407085,-0.455240317383978,1,NA,NA,1,0,-0.410174953068394,0.196851168667725,0,1,-0.209336503806527
61,1,58,2,1.12388313567424,0.434693762201135,-0.00874452006681625,-0.206506666984494,0.380077677740717,0.787456740560427,1,NA,NA,1,0,-0.410174953068394,0.196851168667725,0,1,-0.209336503806527
61,2,58,1,1.12388313567424,0.293354238342021,0.537375506747779,0.513006035877232,0.864099709463823,-0.0410079647358427,1,NA,NA,1,0,-0.410174953068394,0.196851168667725,0,1,-0.209336503806527
61,1,58,1,1.12388313567424,-0.272003857094436,-0.172580528111196,-0.0756861755550891,-0.455960377053738,-0.317162866501266,1,NA,NA,1,0,-0.410174953068394,0.196851168667725,0,1,-0.209336503806527
61,3,58,2,1.12388313567424,0.293354238342021,0.974271528199455,1.03628800159485,0.622088693602269,-0.0410079647358427,1,NA,NA,1,0,-0.410174953068394,0.196851168667725,0,1,-0.209336503806527
61,3,58,2,1.15424100395466,0.0106751906237926,-1.3740445871033,-1.64553207270795,-1.00598541310272,0.235146937029581,1,NA,NA,1,0,-0.410174953068394,1.01816717911752,0,1,-0.184836286870241
61,2,58,2,1.15424100395466,0.717372809919364,-0.500252544199952,-0.926019369846222,-1.49000744482583,-1.55985992444567,0,NA,NA,1,0,-0.410174953068394,1.01816717911752,0,1,-0.184836286870241
61,3,58,1,1.15424100395466,0.717372809919364,-1.3740445871033,-1.97258330128146,-0.015940348214552,-2.52640208062465,0,NA,NA,1,0,-0.410174953068394,1.01816717911752,0,1,-0.184836286870241
61,1,58,1,1.15424100395466,0.434693762201135,-2.24783663000665,-2.8883267412873,-0.719972394357251,-0.317162866501266,1,NA,NA,1,0,-0.410174953068394,1.01816717911752,0,1,-0.184836286870241
61,3,58,1,1.15424100395466,0.293354238342021,-1.04637257101455,-1.38389108984914,-1.04998741598664,-4.59756384386533,0,NA,NA,1,0,-0.410174953068394,1.01816717911752,0,1,-0.184836286870241
61,1,58,3,1.15424100395466,1.00005185763759,-1.15559657637746,-1.84176280985206,-2.92007253855318,-1.00755012091482,0,NA,NA,1,0,-0.410174953068394,1.01816717911752,0,1,-0.184836286870241
61,2,58,1,1.15424100395466,1.1413913814967,-0.827924560288709,-1.51471158127854,-1.53400944770975,-1.28370502268025,0,NA,NA,1,0,-0.410174953068394,1.01816717911752,0,1,-0.184836286870241
96,3,58,2,1.45781968675879,0.293354238342021,-0.00874452006681625,-0.141096421269792,1.98615078300375,-0.179085415618554,1,NA,NA,1,0,-0.410174953068394,-1.44578085223187,0,1,-1.65484930304738
96,2,58,1,1.45781968675879,0.858712333778476,0.701211514792156,0.447595790162531,-1.31399943329015,0.511301838795004,1,NA,NA,1,0,-0.410174953068394,-1.44578085223187,0,1,-1.65484930304738
96,2,58,1,1.45781968675879,0.717372809919364,0.537375506747779,0.316775298733126,-0.609967387147454,-0.869472670032113,1,NA,NA,1,0,-0.410174953068394,-1.44578085223187,0,1,-1.65484930304738
61,3,44,3,1.45781968675879,1.00005185763759,0.810435520155075,0.513006035877232,0.710092699370107,1.20168909320856,1,NA,NA,1,0,-0.410174953068394,-1.44578085223187,0,1,-1.65484930304738
61,1,44,2,1.45781968675879,0.576033286060249,0.373539498703399,0.185954807303721,-1.00598541310272,-0.731395219149401,1,NA,NA,1,0,-0.410174953068394,-1.44578085223187,0,1,-1.65484930304738
96,3,58,3,1.45781968675879,0.434693762201135,0.810435520155075,0.774647018736042,0.512083686392473,0.925534191443139,1,NA,NA,1,0,-0.410174953068394,-1.44578085223187,0,1,-1.65484930304738
96,2,58,2,1.45781968675879,0.576033286060249,0.537375506747779,0.382185544447829,-0.367956371285901,-1.00755012091482,1,NA,NA,1,0,-0.410174953068394,-1.44578085223187,0,1,-1.65484930304738
96,3,58,2,1.45781968675879,0.152014714482907,0.810435520155075,0.905467510165447,-1.49000744482583,-1.14562757179754,1,NA,NA,1,0,-0.410174953068394,-1.44578085223187,0,1,-1.65484930304738
61,1,44,2,1.45781968675879,0.434693762201135,1.13810753624383,1.16710849302426,1.59013275704848,0.373224387912292,1,NA,NA,1,0,-0.410174953068394,-1.44578085223187,0,1,-1.65484930304738
61,2,44,2,1.45781968675879,0.293354238342021,1.19271953892529,1.29792898445366,-0.609967387147454,-0.731395219149401,1,NA,NA,1,0,-0.410174953068394,-1.44578085223187,0,1,-1.65484930304738
61,2,58,1,1.48817755503921,0.576033286060249,-0.227192530792654,-0.533557895558007,0.160067663321123,-0.0410079647358427,0,NA,NA,1,0,-0.410174953068394,0.470623172150991,0,1,-1.27321130846293
61,1,58,2,1.48817755503921,0.717372809919364,-0.554864546881411,-0.991429615560924,0.688091697928148,-0.179085415618554,1,NA,NA,1,0,-0.410174953068394,0.470623172150991,0,1,-1.27321130846293
61,3,58,2,1.48817755503921,0.434693762201135,-0.71870055492579,-1.05683986127563,-2.9640745414371,-2.11216972797652,0,NA,NA,1,0,-0.410174953068394,0.470623172150991,0,1,-1.27321130846293
61,2,58,2,1.48817755503921,0.717372809919364,-0.172580528111196,-0.533557895558007,-1.49000744482583,0.511301838795004,1,NA,NA,1,0,-0.410174953068394,0.470623172150991,0,1,-1.27321130846293
61,2,58,1,1.48817755503921,1.00005185763759,-0.117968525429735,-0.598968141272709,0.160067663321123,-0.0410079647358427,0,NA,NA,1,0,-0.410174953068394,0.470623172150991,0,1,-1.27321130846293
61,1,58,1,1.48817755503921,1.00005185763759,-0.336416536155573,-0.860609124131519,-1.71001745924542,-1.14562757179754,0,NA,NA,1,0,-0.410174953068394,0.470623172150991,0,1,-1.27321130846293
61,1,58,2,1.48817755503921,1.00005185763759,0.045867482614642,-0.402737404128602,0.27007267053092,-0.593317768266689,1,NA,NA,1,0,-0.410174953068394,0.470623172150991,0,1,-1.27321130846293
61,1,58,1,1.48817755503921,0.717372809919364,-0.391028538837033,-0.795198878416817,-1.38000243761603,-1.42178247356296,0,NA,NA,1,0,-0.410174953068394,0.470623172150991,0,1,-1.27321130846293
96,2,58,1,1.67032476472169,0.576033286060249,0.919659525517994,0.840057264450745,0.622088693602269,0.511301838795004,1,NA,NA,1,0,-0.410174953068394,0.196851168667725,0,1,-1.66238783133547
96,3,58,1,1.67032476472169,0.293354238342021,0.373539498703399,0.316775298733126,1.21611573253517,-0.179085415618554,1,NA,NA,1,0,-0.410174953068394,0.196851168667725,0,1,-1.66238783133547
96,3,58,2,1.67032476472169,0.576033286060249,0.045867482614642,-0.206506666984494,0.380077677740717,0.373224387912292,1,NA,NA,1,0,-0.410174953068394,0.196851168667725,0,1,-1.66238783133547
61,2,44,2,1.67032476472169,0.434693762201135,0.155091487977561,-0.0102759298403866,0.160067663321123,0.235146937029581,1,NA,NA,1,0,-0.410174953068394,0.196851168667725,0,1,-1.66238783133547
61,2,44,2,1.67032476472169,0.152014714482907,0.482763504066318,0.513006035877232,-1.11599042031252,-0.179085415618554,1,NA,NA,1,0,-0.410174953068394,0.196851168667725,0,1,-1.66238783133547
61,3,44,2,1.67032476472169,0.434693762201135,1.46577955233259,1.55956996731247,0.292073671972879,0.925534191443139,1,NA,NA,1,0,-0.410174953068394,0.196851168667725,0,1,-1.66238783133547
96,2,58,2,1.67032476472169,0.434693762201135,1.30194354428821,1.36333923016837,-1.84202346789718,-0.455240317383978,1,NA,NA,1,0,-0.410174953068394,0.196851168667725,0,1,-1.66238783133547
96,2,58,2,1.67032476472169,0.293354238342021,1.35655554696967,1.49415972159777,0.00606065322740787,-1.28370502268025,0,NA,NA,1,0,-0.410174953068394,0.196851168667725,0,1,-1.66238783133547
96,2,58,3,1.67032476472169,0.0106751906237926,0.045867482614642,0.055134315874316,0.710092699370107,-0.317162866501266,1,NA,NA,1,0,-0.410174953068394,0.196851168667725,0,1,-1.66238783133547
61,2,44,1,1.67032476472169,-0.554682904812664,0.755823517473617,1.16710849302426,-2.06203348231677,-1.14562757179754,1,NA,NA,1,0,-0.410174953068394,0.196851168667725,0,1,-1.66238783133547
61,2,44,2,1.67032476472169,-0.272003857094436,1.13810753624383,1.49415972159777,-1.42400444049995,-0.593317768266689,1,NA,NA,1,0,-0.410174953068394,0.196851168667725,0,1,-1.66238783133547
61,2,58,2,1.7006826330021,0.858712333778476,-1.48326859246622,-2.16881403842557,0.160067663321123,-0.179085415618554,1,NA,NA,1,0,-0.363679093662354,1.29193918260079,0,1,-1.0300937711721
61,2,58,2,1.7006826330021,0.717372809919364,-0.882536562970168,-1.38389108984914,0.160067663321123,-0.0410079647358427,0,NA,NA,1,0,-0.363679093662354,1.29193918260079,0,1,-1.0300937711721
61,2,58,2,1.7006826330021,0.152014714482907,-2.02938861928082,-2.49586526699908,0.160067663321123,-0.0410079647358427,0,NA,NA,1,0,-0.363679093662354,1.29193918260079,0,1,-1.0300937711721
61,2,58,1,1.7006826330021,0.293354238342021,-1.42865658978476,-1.84176280985206,-0.499962379937657,1.33976654409127,1,NA,NA,1,0,-0.363679093662354,1.29193918260079,0,1,-1.0300937711721
61,2,58,1,1.7006826330021,0.858712333778476,-0.773312557607249,-1.31848084413444,0.160067663321123,-0.0410079647358427,0,NA,NA,1,0,-0.363679093662354,1.29193918260079,0,1,-1.0300937711721
61,2,58,2,1.7006826330021,0.576033286060249,-1.3740445871033,-1.90717305556676,0.160067663321123,-0.0410079647358427,0,NA,NA,1,0,-0.363679093662354,1.29193918260079,0,1,-1.0300937711721
61,3,58,1,1.7006826330021,0.293354238342021,-1.42865658978476,-1.84176280985206,-1.57801145059367,-0.593317768266689,1,NA,NA,1,0,-0.363679093662354,1.29193918260079,0,1,-1.0300937711721
61,2,58,1,1.7006826330021,0.0106751906237926,-1.42865658978476,-1.71094231842265,0.160067663321123,-0.0410079647358427,0,NA,NA,1,0,-0.363679093662354,1.29193918260079,0,1,-1.0300937711721
96,3,41,1,-0.454726014907269,-0.554682904812664,1.41116754965113,1.95203144160069,-1.49000744482583,0.649379289677716,1,NA,NA,0,1,0.496494305349397,-0.350692838298805,1,0,1.69885346911572
96,1,41,1,-0.454726014907269,-0.978701476390007,-0.827924560288709,-0.533557895558007,-0.917981407334884,1.47784399497399,1,NA,NA,0,1,0.496494305349397,-0.350692838298805,1,0,1.69885346911572
96,3,41,1,-0.454726014907269,-0.554682904812664,-0.66408855224433,-0.533557895558007,0.116065660437204,-0.869472670032113,1,NA,NA,0,1,0.496494305349397,-0.350692838298805,1,0,1.69885346911572
96,3,41,2,-0.454726014907269,-0.837361952530893,-0.71870055492579,-0.468147649843304,-1.13799142175448,-0.179085415618554,1,NA,NA,0,1,0.496494305349397,-0.350692838298805,1,0,1.69885346911572
96,3,41,1,-0.454726014907269,-0.978701476390007,-0.827924560288709,-0.533557895558007,1.06210872244146,-0.0410079647358427,1,NA,NA,0,1,0.496494305349397,-0.350692838298805,1,0,1.69885346911572
96,3,41,2,-0.242220936944373,-0.272003857094436,-0.172580528111196,-0.141096421269792,0.292073671972879,1.47784399497399,1,NA,NA,0,2,0.264015008319194,1.29193918260079,0,1,-0.679552205776009
96,3,41,1,-0.242220936944373,-0.554682904812664,0.42815150138486,0.774647018736042,-1.00598541310272,-1.14562757179754,1,NA,NA,0,2,0.264015008319194,1.29193918260079,0,1,-0.679552205776009
96,2,41,3,-0.242220936944373,-0.130664333235322,-0.500252544199952,-0.533557895558007,-0.785975398683128,-1.97409227709381,0,NA,NA,0,2,0.264015008319194,1.29193918260079,0,1,-0.679552205776009
96,3,41,1,-0.242220936944373,-0.554682904812664,-0.554864546881411,-0.402737404128602,0.688091697928148,0.649379289677716,1,NA,NA,0,2,0.264015008319194,1.29193918260079,0,1,-0.679552205776009
96,2,41,2,-0.242220936944373,-0.41334338095355,0.755823517473617,1.10169824730955,-0.851978403009007,-0.317162866501266,1,NA,NA,0,2,0.264015008319194,1.29193918260079,0,1,-0.679552205776009
96,1,41,1,-0.242220936944373,-0.130664333235322,-0.500252544199952,-0.533557895558007,1.21611573253517,1.6159214458567,1,NA,NA,0,2,0.264015008319194,1.29193918260079,0,1,-0.679552205776009
96,1,41,3,-0.242220936944373,-0.130664333235322,-0.773312557607249,-0.991429615560924,1.41412474551281,1.33976654409127,1,NA,NA,0,2,0.264015008319194,1.29193918260079,0,1,-0.679552205776009
96,1,41,1,-0.0297158589814778,-0.837361952530893,-0.827924560288709,-0.598968141272709,-0.917981407334884,-1.00755012091482,1,NA,NA,0,3,-0.410174953068394,1.29193918260079,1,0,1.21167607849804
96,3,41,2,-0.0297158589814778,-0.554682904812664,0.155091487977561,0.447595790162531,0.292073671972879,0.235146937029581,1,NA,NA,0,3,-0.410174953068394,1.29193918260079,1,0,1.21167607849804
96,3,41,1,-0.0297158589814778,-0.837361952530893,-0.66408855224433,-0.402737404128602,-0.851978403009007,-1.14562757179754,1,NA,NA,0,3,-0.410174953068394,1.29193918260079,1,0,1.21167607849804
96,2,41,1,-0.0297158589814778,-1.12004100024912,0.155091487977561,0.70923677302134,0.314074673414839,0.787456740560427,1,NA,NA,0,3,-0.410174953068394,1.29193918260079,1,0,1.21167607849804
96,3,41,2,-0.0297158589814778,-0.837361952530893,-0.172580528111196,0.185954807303721,1.43612574695477,0.787456740560427,1,NA,NA,0,3,-0.410174953068394,1.29193918260079,1,0,1.21167607849804
96,3,41,1,-0.0297158589814778,-0.696022428671778,-0.00874452006681625,0.316775298733126,1.01810671955754,0.511301838795004,1,NA,NA,0,3,-0.410174953068394,1.29193918260079,1,0,1.21167607849804
96,2,41,1,-0.0297158589814778,-0.978701476390007,0.209703490659022,0.70923677302134,1.12811172676733,1.06361164232585,1,NA,NA,0,3,-0.410174953068394,1.29193918260079,1,0,1.21167607849804
96,3,41,3,-0.0297158589814778,-0.130664333235322,0.865047522836536,1.10169824730955,-0.851978403009007,-0.731395219149401,1,NA,NA,0,3,-0.410174953068394,1.29193918260079,1,0,1.21167607849804
96,3,41,2,0.182789218981418,-0.41334338095355,0.755823517473617,1.10169824730955,1.19411473109321,0.235146937029581,1,NA,NA,0,4,-0.410174953068394,0.470623172150991,1,0,-0.0585659380447685
96,3,41,1,0.182789218981418,-0.554682904812664,1.02888353088091,1.49415972159777,0.336075674856798,-0.869472670032113,1,NA,NA,0,4,-0.410174953068394,0.470623172150991,1,0,-0.0585659380447685
96,3,41,1,0.182789218981418,-0.554682904812664,-0.00874452006681625,0.251365053018424,0.644089695044229,-0.455240317383978,1,NA,NA,0,4,-0.410174953068394,0.470623172150991,1,0,-0.0585659380447685
96,3,41,2,0.182789218981418,-0.978701476390007,0.482763504066318,1.03628800159485,-0.389957372727861,-0.0410079647358427,1,NA,NA,0,4,-0.410174953068394,0.470623172150991,1,0,-0.0585659380447685
96,1,41,1,0.182789218981418,-0.696022428671778,-0.281804533474115,-0.0102759298403866,-0.301953366960023,-0.317162866501266,1,NA,NA,0,4,-0.410174953068394,0.470623172150991,1,0,-0.0585659380447685
96,3,41,1,0.182789218981418,-0.554682904812664,-0.172580528111196,0.055134315874316,1.21611573253517,1.89207634762212,1,NA,NA,0,4,-0.410174953068394,0.470623172150991,1,0,-0.0585659380447685
96,1,41,1,0.182789218981418,-0.554682904812664,0.810435520155075,1.23251873873896,1.12811172676733,0.511301838795004,1,NA,NA,0,4,-0.410174953068394,0.470623172150991,1,0,-0.0585659380447685
96,3,41,1,0.182789218981418,-0.978701476390007,-0.172580528111196,0.251365053018424,-0.301953366960023,-1.28370502268025,1,NA,NA,0,4,-0.410174953068394,0.470623172150991,1,0,-0.0585659380447685
96,2,41,1,0.182789218981418,-1.12004100024912,-0.66408855224433,-0.271916912699197,1.34812174118693,1.20168909320856,1,NA,NA,0,4,-0.410174953068394,0.470623172150991,1,0,-0.0585659380447685
96,2,41,1,0.182789218981418,-0.837361952530893,0.537375506747779,1.03628800159485,0.666090696486188,1.20168909320856,1,NA,NA,0,4,-0.410174953068394,0.470623172150991,1,0,-0.0585659380447685
96,1,58,2,0.395294296944314,0.858712333778476,1.02888353088091,0.840057264450745,0.380077677740717,-0.317162866501266,1,NA,NA,0,5,-0.410174953068394,0.744395175634256,0,1,0.500227471309747
96,2,58,3,0.395294296944314,1.1413913814967,2.88569162205053,2.93318512732122,0.116065660437204,-1.97409227709381,0,NA,NA,0,5,-0.410174953068394,0.744395175634256,0,1,0.500227471309747
96,3,58,1,0.395294296944314,0.858712333778476,-0.00874452006681625,-0.402737404128602,1.01810671955754,1.06361164232585,1,NA,NA,0,5,-0.410174953068394,0.744395175634256,0,1,0.500227471309747
96,2,58,1,0.395294296944314,0.434693762201135,-0.500252544199952,-0.795198878416817,-2.5900575169238,1.20168909320856,1,NA,NA,0,5,-0.410174953068394,0.744395175634256,0,1,0.500227471309747
96,2,58,3,0.395294296944314,3.68550281096076,1.41116754965113,-0.0102759298403866,1.48012774983868,1.33976654409127,1,NA,NA,0,5,-0.410174953068394,0.744395175634256,0,1,0.500227471309747
96,3,58,1,0.820304452870105,0.434693762201135,-0.554864546881411,-0.860609124131519,0.622088693602269,-0.0410079647358427,1,NA,NA,0,6,-0.410174953068394,-1.1720088487486,0,1,-0.458107937313427
96,3,58,1,0.820304452870105,-0.130664333235322,-0.991760568333087,-1.12225010699033,-0.213949361192186,-0.731395219149401,1,NA,NA,0,6,-0.410174953068394,-1.1720088487486,0,1,-0.458107937313427
96,1,58,1,1.032809530833,0.293354238342021,-0.172580528111196,-0.337327158413899,-0.851978403009007,2.72054105291839,1,NA,NA,0,7,-0.410174953068394,-1.9933248591984,0,1,-1.09699820972888
96,3,58,3,1.032809530833,0.293354238342021,-1.15559657637746,-1.51471158127854,0.160067663321123,-0.179085415618554,1,NA,NA,0,7,-0.410174953068394,-1.9933248591984,0,1,-1.09699820972888
96,3,58,2,1.032809530833,1.00005185763759,2.06651158182864,2.01744168731539,1.37012274262889,0.511301838795004,1,NA,NA,0,7,-0.410174953068394,-1.9933248591984,0,1,-1.09699820972888
96,3,58,1,1.032809530833,0.434693762201135,-0.281804533474115,-0.468147649843304,0.57808669071835,0.925534191443139,1,NA,NA,0,7,-0.410174953068394,-1.9933248591984,0,1,-1.09699820972888
96,1,58,1,1.032809530833,0.293354238342021,-0.500252544199952,-0.664378386987412,-0.961983410218803,1.06361164232585,1,NA,NA,0,7,-0.410174953068394,-1.9933248591984,0,1,-1.09699820972888
96,3,58,2,1.2453146087959,0.293354238342021,3.37719964618367,3.91433881304176,0.886100710905781,-0.455240317383978,1,NA,NA,0,8,-0.363679093662354,0.196851168667725,0,1,-1.52857895422191
96,2,58,1,1.2453146087959,-0.130664333235322,0.26431549334048,0.382185544447829,-1.64401445491954,0.373224387912292,1,NA,NA,0,8,-0.363679093662354,0.196851168667725,0,1,-1.52857895422191
96,1,58,1,1.2453146087959,0.717372809919364,0.26431549334048,-0.0102759298403866,0.182068664763083,-1.00755012091482,1,NA,NA,0,8,-0.363679093662354,0.196851168667725,0,1,-1.52857895422191
96,3,58,2,1.2453146087959,0.293354238342021,0.537375506747779,0.513006035877232,1.39212374407085,0.649379289677716,1,NA,NA,0,8,-0.363679093662354,0.196851168667725,0,1,-1.52857895422191
96,2,58,2,1.2453146087959,0.717372809919364,0.155091487977561,-0.141096421269792,-1.49000744482583,-1.14562757179754,1,NA,NA,0,8,-0.363679093662354,0.196851168667725,0,1,-1.52857895422191
96,2,58,2,1.2453146087959,1.00005185763759,1.19271953892529,0.97087775588015,0.952103715231659,-0.0410079647358427,1,NA,NA,0,8,-0.363679093662354,0.196851168667725,0,1,-1.52857895422191
96,3,58,1,1.79175623784334,0.0106751906237926,-0.063356522748277,-0.0756861755550891,1.28211873686105,0.511301838795004,1,NA,NA,0,10,4.23941098753566,0.470623172150991,0,1,-1.33257721873162
96,2,58,3,1.79175623784334,0.717372809919364,1.68422756305843,1.69039045874188,1.21611573253517,-0.179085415618554,1,NA,NA,0,10,4.23941098753566,0.470623172150991,0,1,-1.33257721873162
96,3,58,2,1.79175623784334,0.152014714482907,1.35655554696967,1.55956996731247,0.952103715231659,-0.455240317383978,1,NA,NA,0,10,4.23941098753566,0.470623172150991,0,1,-1.33257721873162
96,2,58,3,1.79175623784334,0.434693762201135,2.01189957914718,2.2136724244595,0.512083686392473,-1.69793737532838,0,NA,NA,0,10,4.23941098753566,0.470623172150991,0,1,-1.33257721873162
96,2,58,1,1.79175623784334,0.434693762201135,-0.00874452006681625,-0.206506666984494,0.00606065322740787,0.373224387912292,1,NA,NA,0,10,4.23941098753566,0.470623172150991,0,1,-1.33257721873162
96,3,58,1,1.79175623784334,0.0106751906237926,0.701211514792156,0.840057264450745,0.952103715231659,0.097069486146869,1,NA,NA,0,10,4.23941098753566,0.470623172150991,0,1,-1.33257721873162
96,3,58,1,1.79175623784334,0.434693762201135,0.701211514792156,0.643826527306637,0.314074673414839,0.373224387912292,1,NA,NA,0,10,4.23941098753566,0.470623172150991,0,1,-1.33257721873162
96,3,58,1,1.79175623784334,0.576033286060249,0.537375506747779,0.382185544447829,-1.26999743040623,-1.00755012091482,1,NA,NA,0,10,4.23941098753566,0.470623172150991,0,1,-1.33257721873162
96,1,58,1,1.79175623784334,0.152014714482907,0.755823517473617,0.840057264450745,-0.0379413496565109,0.373224387912292,1,NA,NA,0,10,4.23941098753566,0.470623172150991,0,1,-1.33257721873162
